Drink,Ingredient,Amount,IngredientUse,Glass
212,Partida Reposado Tequila,2oz,Build,Collins glass
212,Ruby Red Grapefruit Juice,2oz,Build,Collins glass
212,Aperol,1oz,Build,Collins glass
212,Orange Twist,1,Garnish,Collins glass
#3 Cup,Mint Leaf,4,Muddle,Collins glass
#3 Cup,Cucumber Slice,2,Muddle,Collins glass
#3 Cup,Orange Slice,2,Muddle,Collins glass
#3 Cup,Hine V.S.O.P. Cognac,1oz,Build,Collins glass
#3 Cup,House Ginger Beer,1oz,Build,Collins glass
#3 Cup,Mint Sprig,1,Garnish,Collins glass
#3 Cup,Martini Sweet Vermouth,.75oz,Build,Collins glass
#3 Cup,Cherry Heering,.5oz,Build,Collins glass
#3 Cup,Lemon Juice,.5oz,Build,Collins glass
#3 Cup,Marie Brizard Orange Curacao,.5oz,Build,Collins glass
#8,Don Julio Reposado Tequila,2oz,Build,Coupe
#8,House Orange Bitters,2dashes,Build,Coupe
#8,Lemon Twist,1,Garnish,Coupe
#8,Lustau Palo Cortado Sherry,.75oz,Build,Coupe
#8,Barenjager Honey Liqueur,.5oz,Build,Coupe
100 Year Punch,Fee Brothers Old Fashion Bitters,2dashes,Build,Rocks
100 Year Punch,"Bek Se Ju ""100-year wine""",1oz,Build,Rocks
100 Year Punch,Elijah Craig 12-Year-Old Bourbon,1oz,Build,Rocks
100 Year Punch,Q Tonic,1oz,Top,Rocks
100 Year Punch,Pinch Grated Nutmeg,1,Garnish,Rocks
100 Year Punch,Tangerine Zest,1,Garnish,Rocks
100 Year Punch,Ssal-Yut Rice Syrup,.25oz,Build,Rocks
20th Century,Plymouth Gin,1.5oz,Build,Coupe
20th Century,Lemon Juice,.75oz,Build,Coupe
20th Century,Lillet Blanc,.75oz,Build,Coupe
20th Century,Marie Brizard White Creme de Cacao,.75oz,Build,Coupe
21st Century,Siete Leguas Blanco Tequila,2oz,Build,Coupe
21st Century,Lemon Juice,.75oz,Build,Coupe
21st Century,Marie Brizard White Creme de Cacao,.75oz,Build,Coupe
21st Century,Pernod,,Rinse,Coupe
Absinthe Drip,Ice-Cold Filtered Water,4.5-6oz,Build,Absinthe
Absinthe Drip,Vieux Pontarlier Absinthe,1.5oz,Build,Absinthe
Absinthe Drip,Sugar Cube,1,Build,Absinthe
Against All Odds Cocktail,Bushmills Irish Whiskey,1.5oz,Build,Coupe
Against All Odds Cocktail,Channing Daughters Scuttlehole Chardonnay,1.5oz,Build,Coupe
Against All Odds Cocktail,Pansy Flower,1,Garnish,Coupe
Against All Odds Cocktail,Rothman & Winter Orchard Apricot,.5oz,Build,Coupe
Against All Odds Cocktail,Rhum Clement Creole Shrubb,.25oz,Build,Coupe
Against All Odds Cocktail,Illegal Reposado Mezcal,,Rinse,Coupe
Aguila Azteca,Honeydew Melon Juice,1oz,Build,Coupe
Aguila Azteca,Jose Cuervo Tradicional Tequila,1.5oz,Build,Coupe
Aguila Azteca,Canton Ginger Liqueur,.25oz,Build,Coupe
Aguila Azteca,Rothman & Winter Creme de Violette,.25oz,Build,Coupe
Airmail,Banks 5 Island Rum,1oz,Build,Coupe
Airmail,Moet Imperial Champagne,1oz,Top,Coupe
Airmail,Lime Wheel,1,Garnish,Coupe
Airmail,Honey Syrup,.5oz,Build,Coupe
Airmail,Lime Juice,.5oz,Build,Coupe
Albert Mathieu,Regan's Orange Bitters,1dash,Build,Coupe
Albert Mathieu,St. Germain Elderflower Liqueur,1barspoon,Build,Coupe
Albert Mathieu,Plymouth Gin,1.5oz,Build,Coupe
Albert Mathieu,Orange Twist,1,Garnish,Coupe
Albert Mathieu,Green Chartreuse,.75oz,Build,Coupe
Albert Mathieu,Lillet Blanc,.75oz,Build,Coupe
Algonquin,Rittenhouse Bonded Rye Whiskey,2oz,Build,Coupe
Algonquin,Dolin Dry Vermouth,.75oz,Build,Coupe
Algonquin,Pineapple Juice,.75oz,Build,Coupe
Americano Highball,Club Soda,2.5oz,Top,Collins
Americano Highball,Campari,1.5oz,Build,Collins
Americano Highball,Carpano Antica Sweet Vermouth,1.5oz,Build,Collins
Americano Highball,Half an Orange Wheel,1,Garnish,Collins
Aperol Spritz,Aperol,2oz,Build,Rocks
Aperol Spritz,Carpene Malvolti Prosecco,1oz,Build,Rocks
Aperol Spritz,Club Soda,1oz,Build,Rocks
Aperol Spritz,Half an Orange Wheel,1,Garnish,Rocks
Aperol Spritz,Orange Juice,.5oz,Build,Rocks
Apple Daiquiri,Flor de Cana Silver Dry Rum,2oz,Build,Coupe
Apple Daiquiri,Lime Juice,.75oz,Build,Coupe
Apple Daiquiri,Schonauer Apfel Schnapps,.5oz,Build,Coupe
Apple Daiquiri,Simple Syrup,.25oz,Build,Coupe
Apple Malt Toddy,Red Jacket Orchards Apple Cider,2oz,Build,Mug
Apple Malt Toddy,Drouhin Pommeau,1oz,Build,Mug
Apple Malt Toddy,Deep Mountain Grade B Maple Syrup,1barspoon,Build,Mug
Apple Malt Toddy,Chivas Regal 12-Year-Old Blended Scotch Whiskey,1.5oz,Build,Mug
Apple Malt Toddy,Cinnamon Stick,1,Garnish,Mug
Apple Malt Toddy,St. Elizabeth Allspice Dram,.25oz,Build,Mug
Applejack Rabbit,Laird's Bonded Apple Brandy,2oz,Build,Coupe
Applejack Rabbit,Lemon Juice,.75oz,Build,Coupe
Applejack Rabbit,Orange Juice,.75oz,Build,Coupe
Applejack Rabbit,Deep Mountain Grade B Maple Syrup,.5oz,Build,Coupe
Apricot Flip,Hine V.S.O.P. Cognac,2oz,Build,Fizz
Apricot Flip,Pinch Grated Nutmeg,1,Garnish,Fizz
Apricot Flip,Whole Egg,1,Build,Fizz
Apricot Flip,Rothman & Winter Orchard Apricot,.75oz,Build,Fizz
Apricot Flip,Simple Syrup,.5oz,Build,Fizz
Archangel,Plymouth Gin,2.25oz,Build,Coupe
Archangel,Cucumber Slice,2,Muddle,Coupe
Archangel,Lemon Twist,1,Garnish,Coupe
Archangel,Aperol,.75oz,Build,Coupe
Astoria Bianco,House Orange Bitters,2dashes,Build,Coupe
Astoria Bianco,Tanqueray Gin,2.5oz,Build,Coupe
Astoria Bianco,Martini Bianco Vermouth,1oz,Build,Coupe
Astoria Bianco,Orange Twist,1,Garnish,Coupe
Aviation,Beefeater Gin,2oz,Build,Coupe
Aviation,Lemon Juice,.75oz,Build,Coupe
Aviation,Luxardo Maraschino Liqueur,.5oz,Build,Coupe
Aviation,Rothman & Winter Creme de Violette,.25oz,Build,Coupe
Beachbum,Flor de Cana Silver Dry Rum,1oz,Build,Tiki Mug
Beachbum,Mount Gay Eclipse Amber Rum,1oz,Build,Tiki Mug
Beachbum,Pineapple Juice,1oz,Build,Tiki Mug
Beachbum,Orange-Cherry Flag,1,Garnish,Tiki Mug
Beachbum,Umbrella,1,Garnish,Tiki Mug
Beachbum,Lime Juice,.75oz,Build,Tiki Mug
Beachbum,Kassatly Chtaura Orgeat,.5oz,Build,Tiki Mug
Beachbum,Rothman & Winter Orchard Apricot,.5oz,Build,Tiki Mug
Beer and a Smoke,Victory Pilsner,6oz,Top,Collins
Beer and a Smoke,Cholula,4dashes,Build,Collins
Beer and a Smoke,Sombra Mezcal,1oz,Build,Collins
Beer and a Smoke,The Bitter Truth Celery Bitters,1dash,Build,Collins
Beer and a Smoke,Lime Zest,1,Garnish,Collins
Beer and a Smoke,Orange Zest,1,Garnish,Collins
Beer and a Smoke,Lime Juice,.75oz,Build,Collins
Beer and a Smoke,Celery Salt,,Rim,Collins
Beer and a Smoke,Ground Black Pepper,,Rim,Collins
Beer and a Smoke,Kosher Salt,,Rim,Collins
Beer Cassis,Brooklyn Brewery Local 1,6oz,Top,Wine
Beer Cassis,Dubonnet Rouge,1oz,Build,Wine
Beer Cassis,Lemon Twist,1,Garnish,Wine
Beer Cassis,Theurlet Creme de Cassis,.25oz,Build,Wine
Bee's Knees,Plymouth Gin,2oz,Build,Coupe
Bee's Knees,Honey Syrup,.75oz,Build,Coupe
Bee's Knees,Lemon Juice,.75oz,Build,Coupe
Bee's Sip,Chamomile-Infused Barsol Quebranta Pisco,2.5oz,Build,Coupe
Bee's Sip,"Masumi ""Okuden"" Junmai Sake",1oz,Build,Coupe
Bee's Sip,Lemon Twist,1,Garnish,Coupe
Bee's Sip,Barenjager Honey Liqueur,.5oz,Build,Coupe
Bee's Sip,St. Germain Elderflower Liqueur,,Rinse,Coupe
Benton's Old-Fashioned,Benton's Bacon Fat-Infused Four Roses Bourbon,2oz,Build,Rocks
Benton's Old-Fashioned,Angostura Bitters,2dashes,Build,Rocks
Benton's Old-Fashioned,Orange Twist,1,Garnish,Rocks
Benton's Old-Fashioned,Deep Mountain Grade B Maple Syrup,.25oz,Build,Rocks
Berlioni,Tanqueray Gin,1.5oz,Build,Rocks
Berlioni,Orange Twist,1,Garnish,Rocks
Berlioni,Cynar,.75oz,Garnish,Rocks
Berlioni,Noilly Prat Dry Vermouth,.5oz,Garnish,Rocks
Betsy Ross,Pierre Ferrand Ambre Cognac,2oz,Build,Coupe
Betsy Ross,Angostura Bitters,2dashes,Build,Coupe
Betsy Ross,Pinch Grated Nutmeg,1,Garnish,Coupe
Betsy Ross,Dow's Ruby Port,.75oz,Build,Coupe
Betsy Ross,Grand Marnier,.5oz,Build,Coupe
Betula,Birch-Infused Rittenhouse Bonded Rye Whiskey,1oz,Build,Coupe
Betula,Matusalem Gran Reserva Rum,1oz,Build,Coupe
Betula,Star Anise Pod,1,Garnish,Coupe
Betula,Deep Mountain Grade B Maple Syrup,.5oz,Build,Coupe
Betula,Lemon Juice,.5oz,Build,Coupe
Bijou,Dolin Sweet Vermouth,1oz,Build,Coupe
Bijou,Green Chartreuse,1oz,Build,Coupe
Bijou,Tanqueray Gin,1oz,Build,Coupe
Bijou,House Orange Bitters,1dash,Build,Coupe
Bijou,Cherry,1,Garnish,Coupe
Bijou,Lemon Twist,1,Garnish,Coupe
Bizet,Moet Imperial Champagne,1oz,Top,Coupe
Bizet,Shinn Estate Rose,1.5oz,Build,Coupe
Bizet,Flamed Orange Twist,1,Garnish,Coupe
Bizet,Amaro Ciociaro,.5oz,Build,Coupe
Bizet,Luxardo Bitter,.5oz,Build,Coupe
Black Flip,Brooklyn Black Chocolate Stout,2oz,Build,Fizz
Black Flip,Cruzan Black Strap Rum,1.5oz,Build,Fizz
Black Flip,Pinch Grated Nutmeg,1,Garnish,Fizz
Black Flip,Whole Egg,1,Build,Fizz
Black Flip,Demerara Syrup,.5oz,Build,Fizz
Black Jack,Cherry,3,Garnish,Coupe
Black Jack,Pierre Ferrand Ambre Cognac,1.5oz,Build,Coupe
Black Jack,9th Street Alphabet City Coffee Concentrate,.5oz,Build,Coupe
Black Jack,Clear Creek Kirschwasser,.5oz,Build,Coupe
Black Jack,Demerara Syrup,.25oz,Build,Coupe
Black Thorn (Irish),Black Bush Irish Whiskey,2oz,Build,Coupe
Black Thorn (Irish),Angostura Bitters,2dashes,Build,Coupe
Black Thorn (Irish),Dolin Dry Vermouth,1oz,Build,Coupe
Black Thorn (Irish),Lemon Twist,1,Garnish,Coupe
Black Thorn (Irish),St. George Absinthe,,Rinse,Coupe
Blackbeard,Blackberry,4,Muddle,Rocks
Blackbeard,Beefeater Gin,1.5oz,Build,Rocks
Blackbeard,Mint Sprig,1,Garnish,Rocks
Blackbeard,Krogstad Aquavit,.75oz,Build,Rocks
Blackbeard,Pineapple Juice,.75oz,Build,Rocks
Blackbeard,Agave Syrup,.5oz,Build,Rocks
Blackbeard,Lemon Juice,.5oz,Build,Rocks
Blackstar,Smirnoff Black Vodka,2oz,Build,Coupe
Blackstar,Star Anise Pod,1,Garnish,Coupe
Blackstar,Grapefruit Juice,.75oz,Build,Coupe
Blackstar,Lime Juice,.75oz,Build,Coupe
Blackstar,Borsci Sambuca,.25oz,Build,Coupe
Blackstar,Simple Syrup,.25oz,Build,Coupe
Blackthorn (English),House Orange Bitters,2dashes,Build,Coupe
Blackthorn (English),Plymouth Gin,1.5oz,Build,Coupe
Blackthorn (English),Orange Twist,1,Garnish,Coupe
Blackthorn (English),Carpano Antica Sweet Vermouth,.75oz,Build,Coupe
Blackthorn (English),Plymouth Sloe Gin,.75oz,Build,Coupe
Blackthorn Rose,Hendrick's Gin,2oz,Build,Coupe
Blackthorn Rose,Mymoune Rose Syrup,1barspoon,Build,Coupe
Blackthorn Rose,Lillet Rouge,.5oz,Build,Coupe
Blackthorn Rose,Plymouth Sloe Gin,.5oz,Build,Coupe
Blinker,Wild Turkey Rye Whiskey,2oz,Build,Coupe
Blinker,Grapefruit Juice,1oz,Build,Coupe
Blinker,Bonne Maman Raspberry Preserves,1barspoon,Build,Coupe
Blinker,Simple Syrup,.25oz,Build,Coupe
Blood and Sand,Famous Grouse Blended Scotch Whisky,1.5oz,Build,Coupe
Blood and Sand,Orange Juice,.75oz,Build,Coupe
Blood and Sand,Carpano Antica Sweet Vermouth,.5oz,Build,Coupe
Blood and Sand,Cherry Heering,.5oz,Build,Coupe
Bobby Burns,Benromach 12-Year-Old Single Malt Scotch Whisky,2oz,Build,Coupe
Bobby Burns,Benedictine,1barspoon,Build,Coupe
Bobby Burns,Lemon Twist,1,Garnish,Coupe
Bobby Burns,Martini Sweet Vermouth,.75oz,Build,Coupe
Brandy Crusta,Hine V.S.O.P. Cognac,2oz,Build,Wine
Brandy Crusta,Lemon Peel,1,Garnish,Wine
Brandy Crusta,Orange Peel,1,Garnish,Wine
Brandy Crusta,Lemon Juice,.75oz,Build,Wine
Brandy Crusta,Luxardo Maraschino Liqueur,.5oz,Build,Wine
Brandy Crusta,Marie Brizard Orange Curacao,.5oz,Build,Wine
Brandy Crusta,Sugar,,Rim,Wine
Brazilian Tea Punch,Sencha Green Tea-Infused Leblon Cachaca,2oz,Build,Rocks
Brazilian Tea Punch,Lemongrass Syrup,1barspoon,Build,Rocks
Brazilian Tea Punch,Lime Disc,1,Build,Rocks
Brewer's Breakfast,Honey Nut Cheerios,8,Garnish,Coupe
Brewer's Breakfast,Masumi Arabashiri Sake,2oz,Build,Coupe
Brewer's Breakfast,Glen Thunder Corn Whiskey,1oz,Build,Coupe
Brewer's Breakfast,Galliano L'Autentico,.25oz,Build,Coupe
Bronx,Beefeater Gin,2oz,Build,Coupe
Bronx,Orange Juice,.75oz,Build,Coupe
Bronx,Carpano Antica Sweet Vermouth,.5oz,Build,Coupe
Bronx,Dolin Dry Vermouth,.5oz,Build,Coupe
Brooklyn,Rittenhouse Bonded Rye Whiskey,2oz,Build,Coupe
Brooklyn,Dolin Dry Vermouth,.75oz,Build,Coupe
Brooklyn,Amer Picon,.25oz,Build,Coupe
Brooklyn,Luxardo Maraschino Liqueur,.25oz,Build,Coupe
Brown Bomber,George Dickel No. 12 Tennessee Whisky,2oz,Build,Coupe
Brown Bomber,Lemon Twist,1,Garnish,Coupe
Brown Bomber,Lillet Blanc,.75oz,Build,Coupe
Brown Bomber,Suze,.5oz,Build,Coupe
Brown Derby,Maker's Mark Bourbon,2oz,Build,Coupe
Brown Derby,Grapefruit Juice,1oz,Build,Coupe
Brown Derby,Honey Syrup,.75oz,Build,Coupe
Bubbaloo,Peruvian Amargo Bitters,3dashes,Build,Coupe
Bubbaloo,Macchu Pisco,2.25oz,Build,Coupe
Bubbaloo,Carpano Antica Sweet Vermouth,.5oz,Build,Coupe
Bubbaloo,Rothman & Winter Orchard Apricot,.5oz,Build,Coupe
Buona Notte,Walnut-Infused Hine V.S.O.P. Cognac,2oz,Build,Rocks
Buona Notte,Orange Twist,1,Garnish,Rocks
Buona Notte,Yellow Chartreuse,.5oz,Build,Rocks
Buona Notte,Amaro Ciociaro,.25oz,Build,Rocks
CafÃ© Arroz,Horchata,2oz,Build,Coupe
CafÃ© Arroz,Gran Centenario Reposado Tequila,1.5oz,Build,Coupe
CafÃ© Arroz,Pinch Grated Cinnamon,1,Garnish,Coupe
CafÃ© Arroz,Kahlua,.5oz,Build,Coupe
Caipirinha,Beleza Pura Cachaca,2oz,Build,Rocks
Caipirinha,Demerara Sugar,2barspoons,Build,Rocks
Caipirinha,Lime Wedge,2,Muddle,Rocks
Cameron's Kick,Famous Grouse Blended Scotch Whisky,1oz,Build,Coupe
Cameron's Kick,Jameson Irish Whiskey,1oz,Build,Coupe
Cameron's Kick,Lemon Juice,.75oz,Build,Coupe
Cameron's Kick,Kassatly Chtaura Orgeat,.5oz,Build,Coupe
Caprice,House Orange Bitters,1dash,Build,Coupe
Caprice,Beefeater Gin,1.5,Build,Coupe
Caprice,Dolin Dry Vermouth,1.5,Build,Coupe
Caprice,Orange Twist,1,Garnish,Coupe
Caprice,Benedictine,0.5,Build,Coupe
Cavalier,Hine V.S.O.P. Cognac,2oz,Build,Coupe
Cavalier,House Orange Bitters,1dash,Build,Coupe
Cavalier,Bonne Maman Apricot Preserves,1barspoon,Build,Coupe
Cavalier,Lemon Peel,1,Garnish,Coupe
Cavalier,Lemon Juice,.75oz,Build,Coupe
Cavalier,Cointreau,.25oz,Build,Coupe
Cavalier,Kassatly Chtaura Orgeat,.25oz,Build,Coupe
Champagne Cocktail,Moet Imperial Champagne,6.5oz,Build,Flute
Champagne Cocktail,Angostura Bitters,2dashes,Build,Flute
Champagne Cocktail,Lemon Twist,1,Garnish,Flute
Champagne Cocktail,Sugar Cube,1,Build,Flute
Champs-Elysees,Hine V.S.O.P. Cognac,2oz,Build,Coupe
Champs-Elysees,Angostura Bitters,1dash,Build,Coupe
Champs-Elysees,Lemon Twist,1,Garnish,Coupe
Champs-Elysees,Lemon Juice,.75oz,Build,Coupe
Champs-Elysees,Green Chartreuse,.5oz,Build,Coupe
Champs-Elysees,Simple Syrup,.25oz,Build,Coupe
Cherry Pop,Plymouth Gin,2oz,Build,Rocks
Cherry Pop,Pitted Cherry,2,Muddle,Rocks
Cherry Pop,Lemon Juice,1oz,Build,Rocks
Cherry Pop,Pitted Cherry,1,Garnish,Rocks
Cherry Pop,Luxardo Maraschino Liqueur,.5oz,Build,Rocks
Cherry Pop,Simple Syrup,.5oz,Build,Rocks
Chien Chaud,Liquiteria Coconut Water,2oz,Build,Fizz
Chien Chaud,Angostura Bitters,2dashes,Build,Fizz
Chien Chaud,J.M. Rhum Blanc,1.5oz,Build,Fizz
Chien Chaud,Lime Wheel,1,Garnish,Fizz
Chien Chaud,Yellow Chartreuse,.25oz,Build,Fizz
Chrysanthemum,Dolin Dry Vermouth,2oz,Build,Coupe
Chrysanthemum,House Orange Bitters,1dash,Build,Coupe
Chrysanthemum,Orange Twist,1,Garnish,Coupe
Chrysanthemum,Benedictine,.75oz,Build,Coupe
Chrysanthemum,Vieux Pontarlier Absinthe,.25oz,Build,Coupe
Cinema Highball,Coca-Cola Classic,4.5oz,Build,Collins
Cinema Highball,Popcorn-Infused Flor de Cana Silver Dry Rum,2oz,Build,Collins
Cloister,Tanqueray Gin,1.5oz,Build,Coupe
Cloister,Grapefruit Twist,1,Garnish,Coupe
Cloister,Grapefruit Juice,.5oz,Build,Coupe
Cloister,Yellow Chartreuse,.5oz,Build,Coupe
Cloister,Lemon Juice,.25oz,Build,Coupe
Cloister,Simple Syrup,.25oz,Build,Coupe
Clover Club,Plymouth Gin,2oz,Build,Egg Coupe
Clover Club,Bonne Maman Raspberry Preserves,1barspoon,Build,Egg Coupe
Clover Club,Egg White,1,Build,Egg Coupe
Clover Club,Lemon Juice,.75oz,Build,Egg Coupe
Clover Club,Simple Syrup,.5oz,Build,Egg Coupe
Coconut Colada,Flor de Cana Silver Dry Rum,2oz,Build,Coupe
Coconut Colada,Ciaco Bella Coconut Sorbet,1scoop,Build,Coupe
Coconut Colada,Pineapple Juice,1oz,Build,Coupe
Coconut Colada,Lime Wheel,1,Garnish,Coupe
Coconut Colada,Lime Juice,.5oz,Build,Coupe
Coda,Lime Juice,1oz,Build,Fizz
Coda,Neisson Rhum Blanc,1oz,Build,Fizz
Coda,Pampero Aniversario Rum,1oz,Build,Fizz
Coda,Pinch Grated Nutmeg,1,Garnish,Fizz
Coda,Demerara Syrup,.5oz,Build,Fizz
Coda,St. Elizabeth Allspice Dram,.5oz,Build,Fizz
Coffee Cocktail,Martell V.S.O.P. Cognac,1.5oz,Build,Egg Coupe
Coffee Cocktail,Noval Black Port,1.5oz,Build,Egg Coupe
Coffee Cocktail,Pinch Grated Nutmeg,1,Garnish,Egg Coupe
Coffee Cocktail,Whole Egg,1,Build,Egg Coupe
Coffee Cocktail,Simple Syrup,.25oz,Build,Egg Coupe
Condiment Cocktail,Partida Reposado Tequila,2oz,Build,Coupe
Condiment Cocktail,The Bitter Truth Celery Bitters,2dashes,Build,Coupe
Condiment Cocktail,Gulden's Spicy Brown Mustard,1/8 tsp,Build,Coupe
Condiment Cocktail,Lime Twist,1,Garnish,Coupe
Condiment Cocktail,Benedictine,.75oz,Build,Coupe
Condiment Cocktail,Lime Juice,.5oz,Build,Coupe
Condiment Cocktail,Lustau Palo Cortado Sherry,.5oz,Build,Coupe
Conquistador,House Orange Bitters,2dashes,Build,Egg Coupe
Conquistador,Matusalem Gran Reserva Rum,1oz,Build,Egg Coupe
Conquistador,Siembra Azul Blanco Tequila,1oz,Build,Egg Coupe
Conquistador,Egg White,1,Build,Egg Coupe
Conquistador,Simple Syrup,.75oz,Build,Egg Coupe
Conquistador,Lemon Juice,.5oz,Build,Egg Coupe
Conquistador,Lime Juice,.5oz,Build,Egg Coupe
Corpse Reviver No. 2,Cointreau,.75oz,Build,Coupe
Corpse Reviver No. 2,Lemon Juice,.75oz,Build,Coupe
Corpse Reviver No. 2,Lillet Blanc,.75oz,Build,Coupe
Corpse Reviver No. 2,Plymouth Gin,.75oz,Build,Coupe
Corpse Reviver No. 2,Vieux Pontarlier Absinthe,,Rinse,Coupe
Cosmopolitan,Hangar One Buddha's Hand Vodka,2oz,Build,Coupe
Cosmopolitan,Orange Twist,1,Garnish,Coupe
Cosmopolitan,Cointreau,.75oz,Build,Coupe
Cosmopolitan,Lime Juice,.75oz,Build,Coupe
Cosmopolitan,Lakewood Cranberry Juice,.5oz,Build,Coupe
Cosmopolitan,Simple Syrup,.25oz,Build,Coupe
Cranberry Cobbler,Macerated Cranberry,4,Muddle,Rocks
Cranberry Cobbler,Macerated Cranberry,3,Garnish,Rocks
Cranberry Cobbler,Beefeater Gin,2oz,Build,Rocks
Cranberry Cobbler,Lemon Wedge,1,Muddle,Rocks
Cranberry Cobbler,Mint Sprig,1,Garnish,Rocks
Cranberry Cobbler,Orange Wheel,1,Muddle,Rocks
Cranberry Cobbler,Lustau East India Sherry,.75oz,Build,Rocks
Cranberry Cobbler,Cranberry Syrup,.5oz,Build,Rocks
Crimson Tide,Lemon Hart Overproof Rum,1.5oz,Build,Collins glass
Crimson Tide,Spiced Sorrel,1.5oz,Build,Collins glass
Crimson Tide,Candied Ginger,1,Garnish,Collins glass
Crimson Tide,Lime Wheel,1,Garnish,Collins glass
Crimson Tide,Club Soda,.75oz,Top,Collins glass
Crimson Tide,Lime Juice,.75oz,Build,Collins glass
Crimson Tide,Canton Ginger Liqueur,.5oz,Build,Collins glass
Cuzco,Barsol Quebranta Pisco,2oz,Build,Collins glass
Cuzco,Grapefruit Twist,1,Garnish,Collins glass
Cuzco,Aperol,.75oz,Build,Collins glass
Cuzco,Simple Syrup,.75oz,Build,Collins glass
Cuzco,Grapefruit Juice,.5oz,Build,Collins glass
Cuzco,Lemon Juice,.5oz,Build,Collins glass
Cuzco,Clear Creek Kirschwasser,,Rinse,Collins glass
Daiquiri,Banks 5 Island Rum,2oz,Build,Coupe
Daiquiri,Lime Wheel,1,Garnish,Coupe
Daiquiri,Lime Juice,.75oz,Build,Coupe
Daiquiri,Simple Syrup,.75oz,Build,Coupe
De La Louisiane,Peychaud's Bitters,3dashes,Build,Coupe
De La Louisiane,St. George Absinthe,3dashes,Build,Coupe
De La Louisiane,Brandied Cherry,3,Garnish,Coupe
De La Louisiane,Wild Turkey Rye Whiskey,2oz,Build,Coupe
De La Louisiane,Benedictine,.75oz,Build,Coupe
De La Louisiane,Dolin Sweet Vermouth,.75oz,Build,Coupe
Death Bed,Pampero Aniversario Rum,1oz,Build,Collins
Death Bed,Brandied Cherry,1,Garnish,Collins
Death Bed,Lime Wheel,1,Garnish,Collins
Death Bed,Barbancourt Rhum Blanc,.75oz,Build,Collins
Death Bed,Cherry Heering,.75oz,Build,Collins
Death Bed,Lime Juice,.75oz,Build,Collins
Death Bed,Pineapple Juice,.5oz,Build,Collins
Desert Rose,Rose-Infused Plymouth Gin,2oz,Build,Coupe
Desert Rose,Pink Rose Petal,1,Garnish,Coupe
Desert Rose,Lemon Juice,.75oz,Build,Coupe
Desert Rose,Perfect Purees of Napa Valley Prickly Pear Puree,.5oz,Build,Coupe
Desert Rose,Simple Syrup,.5oz,Build,Coupe
Deshler,Peychaud's Bitters,2dashes,Build,Coupe
Deshler,Dubonnet Rouge,1oz,Build,Coupe
Deshler,Rittenhouse Bonded Rye Whiskey,1.5oz,Build,Coupe
Deshler,Orange Twist,1,Garnish,Coupe
Deshler,Cointreau,.25oz,Build,Coupe
Dewey D.,Old Overholt Rye Whiskey,2oz,Build,Coupe
Dewey D.,Angostura Bitters,2dashes,Build,Coupe
Dewey D.,Orange Twist,1,Garnish,Coupe
Dewey D.,Lustau East India Sherry,.75oz,Build,Coupe
Dewey D.,Aperol,.5oz,Build,Coupe
Diamondback,Rittenhouse Bonded Rye Whiskey,2oz,Build,Coupe
Diamondback,Laird's Bonded Apple Brandy,.5oz,Build,Coupe
Diamondback,Yellow Chartreuse,.5oz,Build,Coupe
Donizetti,Tanqueray Gin,2oz,Build,Coupe
Donizetti,Moet Imperial Champagne,1oz,Top,Coupe
Donizetti,Lemon Twist,1,Garnish,Coupe
Donizetti,Amaro Ciociaro,.25oz,Build,Coupe
Donizetti,Rothman & Winter Orchard Apricot,.25oz,Build,Coupe
Dry County Cocktail,George Dickel No. 12 Tennessee Whisky,2oz,Build,Coupe
Dry County Cocktail,The Bitter Truth Lemon Bitters,2dashes,Build,Coupe
Dry County Cocktail,Dolin Dry Vermouth,1oz,Build,Coupe
Dry County Cocktail,Lemon Twist,1,Garnish,Coupe
Dry County Cocktail,Canton Ginger Liqueur,.5oz,Build,Coupe
Duboudreau Cocktail,Rittenhouse Bonded Rye Whiskey,2oz,Build,Coupe
Duboudreau Cocktail,Lemon Twist,1,Garnish,Coupe
Duboudreau Cocktail,Dubonnet Rouge,.75oz,Build,Coupe
Duboudreau Cocktail,Fernet Branca,.25oz,Build,Coupe
Duboudreau Cocktail,St. Germain Elderflower Liqueur,.25oz,Build,Coupe
Dulce de Leche,Don Julio Anejo Tequila,1.25oz,Build,Coupe
Dulce de Leche,Grapefruit Twist,1,Build,Coupe
Dulce de Leche,Pinch Grated Cinnamon,1,Garnish,Coupe
Dulce de Leche,Whole Egg,1,Build,Coupe
Dulce de Leche,Toro Albala Pedro Ximenez Sherry,.75oz,Build,Coupe
Dulce de Leche,Heavy Cream,.5oz,Build,Coupe
East India Cocktail,House Orange Bitters,2dashes,Build,Coupe
East India Cocktail,Martell V.S.O.P. Cognac,1.75oz,Build,Coupe
East India Cocktail,Orange Twist,1,Garnish,Coupe
East India Cocktail,Marie Brizard Orange Curacao,.5oz,Build,Coupe
East India Cocktail,Pineapple Juice,.5oz,Build,Coupe
East India Cocktail,Pampero Aniversario Rum,.25oz,Build,Coupe
East Village Athletic Club Cocktail,Siembra Azul Blanco Tequila,1.5oz,Build,Coupe
East Village Athletic Club Cocktail,Lemon Juice,.75oz,Build,Coupe
East Village Athletic Club Cocktail,Grand Marnier,.5oz,Build,Coupe
East Village Athletic Club Cocktail,Yellow Chartreuse,.5oz,Build,Coupe
Eclipse Cocktail,El Tesoro Anejo Tequila,2oz,Build,Coupe
Eclipse Cocktail,Lemon Twist,1,Garnish,Coupe
Eclipse Cocktail,Aperol,.75oz,Build,Coupe
Eclipse Cocktail,Cherry Heering,.75oz,Build,Coupe
Eclipse Cocktail,Lemon Juice,.75oz,Build,Coupe
Eclipse Cocktail,Del Maguey Vida Mezcal,,Rinse,Coupe
Edgewood,Grapefruit Juice,1oz,Build,Coupe
Edgewood,Plymouth Gin,1.5oz,Build,Coupe
Edgewood,Pinch Kosher Salt,1,Garnish,Coupe
Edgewood,Lillet Blanc,.5oz,Build,Coupe
Edgewood,Punt e Mes,.5oz,Build,Coupe
El Burro,House Ginger Beer,1oz,Build,Collins glass
El Burro,Siembra Azul Reposado Tequila,1.5oz,Build,Collins glass
El Burro,Candied Ginger,1,Garnish,Collins glass
El Burro,Lime Wheel,1,Garnish,Collins glass
El Burro,Lime Juice,.75oz,Build,Collins glass
El Burro,Pineapple Juice,.75oz,Build,Collins glass
El Burro,Simple Syrup,.5oz,Build,Collins glass
El Burro,Vieux Pontarlier Absinthe,.25oz,Build,Collins glass
El Diablo,Siembra Azul Blanco Tequila,2oz,Build,Rocks
El Diablo,House Ginger Beer,1oz,Build,Rocks
El Diablo,Candied Ginger,1,Garnish,Rocks
El Diablo,Lemon Wheel,1,Garnish,Rocks
El Diablo,Lemon Juice,.75oz,Build,Rocks
El Diablo,Theurlet Creme de Cassis,.75oz,Build,Rocks
El Molino,Sombra Mezcal,1.5oz,Build,Coupe
El Molino,Lustau Palo Cortado Sherry,.75oz,Build,Coupe
El Molino,Marie Brizard White Creme de Cacao,.25oz,Build,Coupe
El Molino,St. Elizabeth Allspice Dram,.25oz,Build,Coupe
El Puente,Jose Cuervo Platino Tequila,1.5oz,Build,Coupe
El Puente,Grapefruit Twist,1,Garnish,Coupe
El Puente,Grapefruit Juice,.75oz,Build,Coupe
El Puente,Martini Bianco Vermouth,.5oz,Build,Coupe
El Puente,St. Germain Elderflower Liqueur,.5oz,Build,Coupe
El Puente,Del Maguey Vida Mezcal,,Rinse,Coupe
Ephemeral,Ransom Old Tom Gin,2oz,Build,Coupe
Ephemeral,Dolin Blanc Vermouth,1oz,Build,Coupe
Ephemeral,The Bitter Truth Celery Bitters,1dash,Build,Coupe
Ephemeral,St. Germain Elderflower Liqueur,1barspoon,Build,Coupe
Ephemeral,Grapefruit Twist,1,Garnish,Coupe
Espresso Bongo,Appleton Estate Reserve Rum,2oz,Build,Tiki Mug
Espresso Bongo,Boiron Passion Fruit Puree,.5oz,Build,Tiki Mug
Espresso Bongo,Illy Espresso Liqueur,.5oz,Build,Tiki Mug
Espresso Bongo,Lime Juice,.5oz,Build,Tiki Mug
Espresso Bongo,Orange Juice,.5oz,Build,Tiki Mug
Espresso Bongo,Pineapple Juice,.5oz,Build,Tiki Mug
Espresso Bongo,Simple Syrup,.5oz,Build,Tiki Mug
Falling Leaves,Peychaud's Bitters,3dashes,Build,Coupe
Falling Leaves,Dr. Konstantin Frank Dry Riesling,2oz,Build,Coupe
Falling Leaves,Clear Creek Pear Brandy,1oz,Build,Coupe
Falling Leaves,Star Anise Pod,1,Garnish,Coupe
Falling Leaves,Marie Brizard Orange Curacao,.5oz,Build,Coupe
Falling Leaves,Honey Syrup,.25oz,Build,Coupe
Field Cocktail,Pierre Ferrand Ambre Cognac,2oz,Build,Coupe
Field Cocktail,Noilly Prat Dry Vermouth,1oz,Build,Coupe
Field Cocktail,Pineapple Leaf,1,Garnish,Coupe
Field Cocktail,Pineapple Juice,.75oz,Build,Coupe
Figetaboutit,Brandied Cherry,3,Garnish,Coupe
Figetaboutit,Bulleit Bourbon,2oz,Build,Coupe
Figetaboutit,Angostura Bitters,2dashes,Build,Coupe
Figetaboutit,St. Dalfour Fig Jam,1barspoon,Build,Coupe
Figetaboutit,Orange Twist,1,Build,Coupe
Figetaboutit,Lemon Juice,.75oz,Build,Coupe
Figetaboutit,Luxardo Amaretto,.25oz,Build,Coupe
Fish House Punch,Gosling's Black Seal Rum,1.5oz,Build,Rocks
Fish House Punch,Pinch Grated Nutmeg,1,Garnish,Rocks
Fish House Punch,Lemon Juice,.5oz,Build,Rocks
Fish House Punch,Mathilde Peche,.5oz,Build,Rocks
Fish House Punch,Pierre Ferrand Ambre Cognac,.5oz,Build,Rocks
Fish House Punch,Simple Syrup,.5oz,Build,Rocks
Fish House Punch,Lime Juice,.25oz,Build,Rocks
Flora Astoria,Lavender Tincture,4dashes,Build,Coupe
Flora Astoria,Hendrick's Gin,2oz,Build,Coupe
Flora Astoria,John D. Taylor's Velvet Falernum,1barspoon,Build,Coupe
Flora Astoria,Dried Lavender Sprig,1,Garnish,Coupe
Flora Astoria,Dolin Blanc Vermouth,.5oz,Build,Coupe
Flora Astoria,Dolin Dry Vermouth,.5oz,Build,Coupe
Flying Dutchman,Luxardo Maraschino Liqueur,1barspoon,Build,Coupe
Flying Dutchman,Brandied Cherry,1,Garnish,Coupe
Flying Dutchman,Bols Genever,.75oz,Build,Coupe
Flying Dutchman,Clear Creek Plum Brandy,.75oz,Build,Coupe
Flying Dutchman,Creme Yvette,.5oz,Build,Coupe
Flying Dutchman,Lemon Juice,.5oz,Build,Coupe
Flying Dutchman,Pineapple Juice,.5oz,Build,Coupe
Fog Cutter,Bacardi 8 Rum,1oz,Build,Tiki Mug
Fog Cutter,Hine V.S.O.P. Cognac,1oz,Build,Tiki Mug
Fog Cutter,Lemon Juice,1.5oz,Build,Tiki Mug
Fog Cutter,Mint Sprig,1,Garnish,Tiki Mug
Fog Cutter,Orange Juice,.75oz,Build,Tiki Mug
Fog Cutter,Kassatly Chtaura Orgeat,.5oz,Build,Tiki Mug
Fog Cutter,Lustau Cream Sherry,.5oz,Float,Tiki Mug
Fog Cutter,Tanqueray Gin,.5oz,Build,Tiki Mug
Foreign Legion,Fee Brothers Rhubarb Bitters,1dash,Build,Rocks
Foreign Legion,Marie Brizard Dark Creme de Cacao,1barspoon,Build,Rocks
Foreign Legion,Mount Gay X.O. Rum,1.5oz,Build,Rocks
Foreign Legion,Orange Twist,1,Garnish,Rocks
Foreign Legion,Aperol,.5oz,Build,Rocks
Foreign Legion,Dubonnet Rouge,.5oz,Build,Rocks
Foreign Legion,Lustau Manzanilla Sherry,.5oz,Build,Rocks
Framboise Fizz,Raspberry,3,Garnish,Egg Coupe
Framboise Fizz,Oud Beersel Framboise,2oz,Top,Egg Coupe
Framboise Fizz,Siete Leguas Reposado Tequila,1.5oz,Build,Egg Coupe
Framboise Fizz,Lemon Juice,.75oz,Build,Egg Coupe
Framboise Fizz,Marie Brizard Dark Creme de Cacao,.75oz,Build,Egg Coupe
Frankfort Rose,Hibiscus-Infused Bernheim Wheat Whiskey,2oz,Build,Egg Coupe
Frankfort Rose,Egg White,1,Build,Egg Coupe
Frankfort Rose,Lemon Twist,1,Garnish,Egg Coupe
Frankfort Rose,Lemon Juice,.75oz,Build,Egg Coupe
Frankfort Rose,Simple Syrup,.75oz,Build,Egg Coupe
French 75,Moet Imperial Champagne,1oz,Top,Coupe
French 75,Tanqueray Gin,1oz,Build,Coupe
French 75,Lemon Twist,1,Garnish,Coupe
French 75,Lemon Juice,.5oz,Build,Coupe
French 75,Simple Syrup,.5oz,Build,Coupe
French Maid,Mint Leaf,44355,Muddle,Collins glass
French Maid,Cucumber Wheel,3,Muddle,Collins glass
French Maid,House Ginger Beer,1oz,Build,Collins glass
French Maid,Hine V.S.O.P. Cognac,1.5oz,Build,Collins glass
French Maid,Cucumber Wheel,1,Garnish,Collins glass
French Maid,Mint Sprig,1,Garnish,Collins glass
French Maid,Lime Juice,.75oz,Build,Collins glass
French Maid,Simple Syrup,.75oz,Build,Collins glass
French Maid,John D. Taylor's Velvet Falernum,.25oz,Build,Collins glass
Fresa Verde,Gran Centenario Blanco Tequila,2oz,Build,Coupe
Fresa Verde,Green Pepper Slice,2,Muddle,Coupe
Fresa Verde,Strawberry,2,Muddle,Coupe
Fresa Verde,Strawberry Slice,1,Garnish,Coupe
Fresa Verde,Lime Juice,.75oz,Build,Coupe
Fresa Verde,Al Wadi Pomegranate Molasses,.25oz,Build,Coupe
Frisco,Old Potrero Hotaling's Rye Whiskey,2oz,Build,Coupe
Frisco,Lemon Twist,1,Garnish,Coupe
Frisco,Benedictine,.5oz,Build,Coupe
Gilchrist,Fee Brothers Grapefruit Bitters,2dashes,Build,Coupe
Gilchrist,Compass Box Asyla Blended Scotch Whisky,1.25oz,Build,Coupe
Gilchrist,Lemon Twist,1,Garnish,Coupe
Gilchrist,Clear Creek Pear Brandy,.75oz,Build,Coupe
Gilchrist,Grapefruit Juice,.75oz,Build,Coupe
Gilchrist,Averna Amaro,.5oz,Build,Coupe
Gimlet,Plymouth Gin,2oz,Build,Coupe
Gimlet,Lime Wheel,1,Garnish,Coupe
Gimlet,Lime Cordial,.75oz,Build,Coupe
Gimlet,Lime Juice,.75oz,Build,Coupe
Gin & Tonic,Club Soda,3.5oz,Build,Collins
Gin & Tonic,Tanqueray Gin,2oz,Build,Collins
Gin & Tonic,Lime Wedge,1,Garnish,Collins
Gin & Tonic,Tonic Syrup,.75oz,Build,Collins
Girl from Jerez,Mae de Ouro Cachaca,1oz,Build,Coupe
Girl from Jerez,Rhum Clement V.S.O.P.,1oz,Build,Coupe
Girl from Jerez,St. Elizabeth Allspice Dram,1barspoon,Build,Coupe
Girl from Jerez,Pinch Grated Nutmeg,1,Garnish,Coupe
Girl from Jerez,Lime Juice,.75oz,Build,Coupe
Girl from Jerez,Lustau Pedro Ximenez Sherry,.5oz,Build,Coupe
Gold Coast,Karlsson's Gold Vodka,2oz,Build,Rocks
Gold Coast,Diluted Aftel Black Pepper Essence,2,Spritz,Rocks
Gold Coast,Dill Sprig,1,Muddle,Rocks
Gold Coast,Carlshamns Flaggpunch,.5oz,Build,Rocks
Gold Rush,Elijah Craig 12-Year-Old Bourbon,2oz,Build,Rocks
Gold Rush,Honey Syrup,1oz,Build,Rocks
Gold Rush,Lemon Juice,.75oz,Build,Rocks
Golden Star Fizz,Golden Star Sparkling White Jasmine Tea,3oz,Build,Fizz
Golden Star Fizz,Cucumber Slice,3,Muddle,Fizz
Golden Star Fizz,Krogstad Aquavit,2oz,Build,Fizz
Golden Star Fizz,Cucumber Slice,1,Garnish,Fizz
Golden Star Fizz,Dill Sprig,1,Muddle,Fizz
Golden Star Fizz,Lemon Juice,.75oz,Build,Fizz
Golden Star Fizz,Pineapple Juice,.75oz,Build,Fizz
Golden Star Fizz,St. George Absinthe,,Rinse,Fizz
Great Pumpkin,Southampton Pumpkin Ale,2oz,Build,Fizz
Great Pumpkin,Laird's Bonded Apple Brandy,1oz,Build,Fizz
Great Pumpkin,Rittenhouse Bonded Rye Whiskey,1oz,Build,Fizz
Great Pumpkin,Pinch Grated Nutmeg,1,Garnish,Fizz
Great Pumpkin,Whole Egg,1,Build,Fizz
Great Pumpkin,Deep Mountain Grade B Maple Syrup,.5oz,Build,Fizz
Green Deacon,Grapefruit Juice,1oz,Build,Coupe
Green Deacon,Plymouth Gin,1.5oz,Build,Coupe
Green Deacon,Plymouth Sloe Gin,.75oz,Build,Coupe
Green Deacon,St. George Absinthe,,Rinse,Coupe
Green Harvest,Concord Grape,4,Muddle,Fizz
Green Harvest,Concord Grape,3,Garnish,Fizz
Green Harvest,Chilled Brewed Hibiscus Tea,2oz,Build,Fizz
Green Harvest,Jose Cuervo Platino Tequila,1.5oz,Build,Fizz
Green Harvest,Green Chartreuse,.5oz,Build,Fizz
Greenpoint,Rittenhouse Bonded Rye Whiskey,2oz,Build,Coupe
Greenpoint,Punt e Mes,1oz,Build,Coupe
Greenpoint,Angostura Bitters,1dash,Build,Coupe
Greenpoint,Yellow Chartreuse,1barspoon,Build,Coupe
Hanky Panky,Beefeater Gin,2oz,Build,Coupe
Hanky Panky,Carpano Antica Sweet Vermouth,1.5oz,Build,Coupe
Hanky Panky,Orange Twist,1,Garnish,Coupe
Hanky Panky,Fernet Branca,.25oz,Build,Coupe
Harvest Moon,Abbott's Bitters,3dashes,Build,Coupe
Harvest Moon,Lillet Blanc,1oz,Build,Coupe
Harvest Moon,Wild Turkey Rye Whiskey,1.5oz,Build,Coupe
Harvest Moon,Orange Twist,1,Garnish,Coupe
Harvest Moon,Laird's Bonded Apple Brandy,.5oz,Build,Coupe
Harvest Moon,Green Chartreuse,.25oz,Build,Coupe
Harvest Sling,Laird's Bonded Apple Brandy,1.5oz,Build,Collins glass
Harvest Sling,Orange-Cherry Flag,1,Garnish,Collins glass
Harvest Sling,Benedictine,.5oz,Build,Collins glass
Harvest Sling,Cherry Heering,.5oz,Build,Collins glass
Harvest Sling,House Ginger Beer,.5oz,Build,Collins glass
Harvest Sling,Lemon Juice,.5oz,Build,Collins glass
Harvest Sling,Martini Sweet Vermouth,.5oz,Build,Collins glass
Heirloom,Concord Grape,7,Muddle,Coupe
Heirloom,Afel Anise Hyssop Essence,2,Spritz,Coupe
Heirloom,Hayman's Old Tom Gin,1.5oz,Build,Coupe
Heirloom,Cynar,.5oz,Build,Coupe
Heirloom,Lime Juice,.5oz,Build,Coupe
Heirloom,Strega,.25oz,Build,Coupe
Hemingway Daiquiri,Banks 5 Island Rum,2oz,Build,Coupe
Hemingway Daiquiri,Lime Wheel,1,Garnish,Coupe
Hemingway Daiquiri,Lime Juice,.75oz,Build,Coupe
Hemingway Daiquiri,Grapefruit Juice,.5oz,Build,Coupe
Hemingway Daiquiri,Luxardo Maraschino Liqueur,.5oz,Build,Coupe
Henry Hudson,Channing Daughters Scuttlehole Chardonnay,1oz,Build,Rocks
Henry Hudson,Bols Genever,1.5oz,Build,Rocks
Henry Hudson,Pinch Grated Nutmeg,1,Garnish,Rocks
Henry Hudson,Lemon Juice,.5oz,Build,Rocks
Henry Hudson,Simple Syrup,.5oz,Build,Rocks
Henry Hudson,van Oosten Batavia Arrack,.25oz,Build,Rocks
Honeymoon Cocktail,Laird's Bonded Apple Brandy,2oz,Build,Coupe
Honeymoon Cocktail,Benedictine,.5oz,Build,Coupe
Honeymoon Cocktail,Lemon Juice,.5oz,Build,Coupe
Honeymoon Cocktail,Marie Brizard Orange Curacao,.5oz,Build,Coupe
Hot Buttered Pisco,Hot Water,6oz,Build,Mug
Hot Buttered Pisco,Spiced Macchu Pisco,2oz,Build,Mug
Hot Buttered Pisco,Vanilla Butter,1barspoon,Build,Mug
Hot Buttered Pisco,Pinch Grated Nutmeg,1,Garnish,Mug
Hot Buttered Pisco,Sweetened Whipped Cream,,Top,Mug
Hotel D'Alsace,Bushmills Irish Whiskey,2oz,Build,Rocks
Hotel D'Alsace,Rosemary Sprig,1,Garnish,Rocks
Hotel D'Alsace,Rosemary Sprig,1,Muddle,Rocks
Hotel D'Alsace,Benedictine,.5oz,Build,Rocks
Hotel D'Alsace,Cointreau,.5oz,Build,Rocks
Hotel Nacional Special,Bacardi 8 Rum,2oz,Build,Coupe
Hotel Nacional Special,Pineapple Juice,1oz,Build,Coupe
Hotel Nacional Special,Lime Wheel,1,Garnish,Coupe
Hotel Nacional Special,Lime Juice,.5oz,Build,Coupe
Hotel Nacional Special,Simple Syrup,.5oz,Build,Coupe
Hotel Nacional Special,Rothman & Winter Orchard Apricot,.25oz,Build,Coupe
Imperial Blueberry Fizz,Blueberry,2tbsp,Muddle,Egg Coupe
Imperial Blueberry Fizz,Moet Imperial Champagne,2.5oz,Top,Egg Coupe
Imperial Blueberry Fizz,Hine V.S.O.P. Cognac,1.5oz,Build,Egg Coupe
Imperial Blueberry Fizz,Edible Orchid,1,Garnish,Egg Coupe
Imperial Blueberry Fizz,Creme Yvette,.5oz,Build,Egg Coupe
Imperial Silver Corn Fizz,Corn Water,1oz,Build,Egg Coupe
Imperial Silver Corn Fizz,Moet Imperial Champagne,1oz,Top,Egg Coupe
Imperial Silver Corn Fizz,George Dickel No. 12 Tennessee Whisky,1.5oz,Build,Egg Coupe
Imperial Silver Corn Fizz,Egg White,1,Build,Egg Coupe
Imperial Silver Corn Fizz,Honey Syrup,.5oz,Build,Egg Coupe
Improved Whiskey Cocktail,Rittenhouse Bonded Rye Whiskey,2oz,Build,Rocks
Improved Whiskey Cocktail,Angostura Bitters,2dashes,Build,Rocks
Improved Whiskey Cocktail,Lemon Twist,1,Garnish,Rocks
Improved Whiskey Cocktail,Luxardo Maraschino Liqueur,.25oz,Build,Rocks
Improved Whiskey Cocktail,Simple Syrup,.25oz,Build,Rocks
Improved Whiskey Cocktail,Vieux Pontarlier Absinthe,,Rinse,Rocks
Jack Rose,Laird's Bonded Apple Brandy,2oz,Build,Coupe
Jack Rose,House Grenadine,.75oz,Build,Coupe
Jack Rose,Lemon Juice,.75oz,Build,Coupe
Japanese Cocktail,Hine V.S.O.P. Cognac,2oz,Build,Coupe
Japanese Cocktail,Angostura Bitters,2dashes,Build,Coupe
Japanese Cocktail,Lemon Twist,1,Garnish,Coupe
Japanese Cocktail,Kassatly Chtaura Orgeat,.5oz,Build,Coupe
Japanese Courage,"Kamoizumi ""Shusen"" Sake",6oz,Build,Mug
Japanese Courage,Clove,6,Garnish,Mug
Japanese Courage,Bols Genever,1oz,Build,Mug
Japanese Courage,Lemon Wheel,1,Garnish,Mug
Japanese Courage,Yellow Chartreuse,.5oz,Build,Mug
Japanese Courage,Canton Ginger Liqueur,.25oz,Build,Mug
Japanese Courage,Honey Syrup,.25oz,Build,Mug
Jimmie Roosevelt,Moet Imperial Champagne,2oz,Top,Egg Coupe
Jimmie Roosevelt,Remy Martin V.S.O.P. Cognac,1oz,Build,Egg Coupe
Jimmie Roosevelt,Green Chartreuse,1barspoon,Float,Egg Coupe
Jimmie Roosevelt,Demerara Sugar cube soaked in Angostura Bitters,1,Build,Egg Coupe
Johnny Apple Collins,Fever-Tree Bitter Lemon Soda,2oz,Top,Collins glass
Johnny Apple Collins,The Bitter Truth Jerry Thomas Bitters,2dashes,Build,Collins glass
Johnny Apple Collins,Maker's Mark Bourbon,1.5oz,Build,Collins glass
Johnny Apple Collins,Lemon Twist,1,Garnish,Collins glass
Johnny Apple Collins,Lemon Juice,.75oz,Build,Collins glass
Johnny Apple Collins,Schonauer Apfel Schnapps,.75oz,Build,Collins glass
Judgment Day,St. Elizabeth Allspice Dram,2,Spritz,Egg Coupe
Judgment Day,Macchu Pisco,1.5oz,Build,Egg Coupe
Judgment Day,Egg White,1,Build,Egg Coupe
Judgment Day,Lemon Juice,.5oz,Build,Egg Coupe
Judgment Day,Lime Juice,.5oz,Build,Egg Coupe
Judgment Day,Simple Syrup,.5oz,Build,Egg Coupe
Judgment Day,St. Germain Elderflower Liqueur,.5oz,Build,Egg Coupe
Judgment Day,Pernod,,Rinse,Egg Coupe
Junior,Rittenhouse Bonded Rye Whiskey,2oz,Build,Coupe
Junior,Angostura Bitters,2dashes,Build,Coupe
Junior,Lime Juice,.75oz,Build,Coupe
Junior,Benedictine,.5oz,Build,Coupe
Kansai Kick,Yamazaki 12-Year-Old Japanese Single Malt Whisky,1.5oz,Build,Coupe
Kansai Kick,Blandy's Sercial Madeira,.75oz,Build,Coupe
Kansai Kick,Lime Juice,.75oz,Build,Coupe
Kansai Kick,Kassatly Chtaura Orgeat,.4oz,Build,Coupe
Kin Kan,Kumquat Syrup,1oz,Build,Coupe
Kin Kan,Beefeater Gin,1.5oz,Build,Coupe
Kin Kan,Lemon Juice,.75oz,Build,Coupe
Kin Kan,St. Germain Elderflower Liqueur,,Rinse,Coupe
Kina Miele,Dolin Dry Vermouth,1oz,Build,Rocks
Kina Miele,The Bitter Truth Lemon Bitters,1dash,Build,Rocks
Kina Miele,Grapefruit Twist,1,Garnish,Rocks
Kina Miele,Cocchi Americano,.75oz,Build,Rocks
Kina Miele,Nonino Gioiello,.5oz,Build,Rocks
Kina Miele,Clear Creek Pear Brandy,.25oz,Build,Rocks
King Bee,Barsol Quebranta Pisco,1.5oz,Build,Coupe
King Bee,Lemon Juice,.75oz,Build,Coupe
King Bee,Barenjager Honey Liqueur,.5oz,Build,Coupe
King Bee,Benedictine,.5oz,Build,Coupe
King Bee,Lustau Palo Cortado Sherry,.5oz,Float,Coupe
Koyo,"Masumi ""Okuden"" Junmai Sake",2oz,Build,Coupe
Koyo,Lemon Twist,1,Garnish,Coupe
Koyo,Dubonnet Rouge,.5oz,Build,Coupe
Koyo,Cynar,.25oz,Build,Coupe
Koyo,Yellow Chartreuse,.25oz,Build,Coupe
Koyo,St. Germain Elderflower Liqueur,,Rinse,Coupe
L.E.S. Globetrotter,Wild Turkey Rye Whiskey,1.25oz,Build,Rocks
L.E.S. Globetrotter,Orange Twist,1,Garnish,Rocks
L.E.S. Globetrotter,Benedictine,.75oz,Build,Rocks
L.E.S. Globetrotter,Hine V.S.O.P. Cognac,.75oz,Build,Rocks
L.E.S. Globetrotter,Rhum Clement Creole Shrubb,.5oz,Build,Rocks
La Florida Cocktail,Banks 5 Island Rum,2oz,Build,Coupe
La Florida Cocktail,House Grenadine,1barspoon,Build,Coupe
La Florida Cocktail,Lime Wheel,1,Garnish,Coupe
La Florida Cocktail,Lime Juice,.75oz,Build,Coupe
La Florida Cocktail,Marie Brizard White Creme de Cacao,.5oz,Build,Coupe
La Florida Cocktail,Martini Sweet Vermouth,.25oz,Build,Coupe
La Louche,Lillet Rouge,1oz,Build,Coupe
La Louche,Hendrick's Gin,1.5oz,Build,Coupe
La Louche,Lime Juice,.5oz,Build,Coupe
La Louche,Simple Syrup,.25oz,Build,Coupe
La Louche,Yellow Chartreuse,.25oz,Build,Coupe
La Perla,Lustau Manzanilla Sherry,1.5oz,Build,Coupe
La Perla,Partida Reposado Tequila,1.5oz,Build,Coupe
La Perla,Lemon Twist,1,Garnish,Coupe
La Perla,Mathilde Pear Liqueur,.75oz,Build,Coupe
Lacrimosa,Rittenhouse Bonded Rye Whiskey,2oz,Build,Rocks
Lacrimosa,Flamed Orange Twist,1,Garnish,Rocks
Lacrimosa,Amaro Ciociaro,.75oz,Build,Rocks
Lacrimosa,Luxardo Bitter,.75oz,Build,Rocks
Lake George,Glenlivet 12-Year-Old Single Malt Scotch Whisky,1oz,Build,Coupe
Lake George,Jameson Irish Whiskey,1oz,Build,Coupe
Lake George,Drambuie,.5oz,Build,Coupe
Lake George,Lemon Juice,.5oz,Build,Coupe
Last Word,Green Chartreuse,.75oz,Build,Coupe
Last Word,Lime Juice,.75oz,Build,Coupe
Last Word,Luxardo Maraschino Liqueur,.75oz,Build,Coupe
Last Word,Tanqueray Gin,.75oz,Build,Coupe
Lawn Dart,Partida Blanco Tequila,1oz,Build,Collins
Lawn Dart,Tanqueray Gin,1oz,Build,Collins
Lawn Dart,Green Pepper Slice,1,Muddle,Collins
Lawn Dart,Lime Wheel,1,Garnish,Collins
Lawn Dart,Umbrella,1,Garnish,Collins
Lawn Dart,Agave Syrup,.75oz,Build,Collins
Lawn Dart,Lime Juice,.75oz,Build,Collins
Lawn Dart,Green Chartreuse,.25oz,Build,Collins
Le Pere Bis,Freshly Brewed Chamomile Tea,4oz,Build,Mug
Le Pere Bis,Clove,3,Garnish,Mug
Le Pere Bis,Ardbeg 10-Year-Old Single Malt Scotch Whisky,1.5oz,Build,Mug
Le Pere Bis,Lemon Wedge,1,Garnish,Mug
Le Pere Bis,Honey Syrup,.5oz,Build,Mug
Le Pere Bis,St. Germain Elderflower Liqueur,.5oz,Build,Mug
Leapfrog,Mint Leaf,6,Muddle,Coupe
Leapfrog,House Orange Bitters,2dashes,Build,Coupe
Leapfrog,Plymouth Gin,1oz,Build,Coupe
Leapfrog,Lemon Juice,.75oz,Build,Coupe
Leapfrog,Rothman & Winter Orchard Apricot,.5oz,Build,Coupe
Leapfrog,Simple Syrup,.25oz,Build,Coupe
Left Coast,Rothman & Winter Creme de Violette,1barspoon,Build,Coupe
Left Coast,Anchor Genevieve,.75oz,Build,Coupe
Left Coast,Clear Creek Pear Brandy,.75oz,Build,Coupe
Left Coast,Lemon Juice,.5oz,Build,Coupe
Left Coast,Luxardo Maraschino Liqueur,.5oz,Build,Coupe
Left Coast,Pineapple Juice,.5oz,Build,Coupe
Left Hand Cocktail,Brandied Cherry,3,Garnish,Coupe
Left Hand Cocktail,Bittermens Xocolatl Mole Bitters,2dashes,Build,Coupe
Left Hand Cocktail,Elijah Craig 12-Year-Old Bourbon,1.5oz,Build,Coupe
Left Hand Cocktail,Campari,.75oz,Build,Coupe
Left Hand Cocktail,Carpano Antica Sweet Vermouth,.75oz,Build,Coupe
Lion's Tooth,Dandelion Root-Infused Rittenhouse Bonded Rye Whiskey,2oz,Build,Coupe
Lion's Tooth,Lustau Palo Cortado Sherry,.75oz,Build,Coupe
Lion's Tooth,Yellow Chartreuse,.5oz,Build,Coupe
Lion's Tooth,St. Germain Elderflower Liqueur,.25oz,Build,Coupe
Little Bit Country,Bulleit Bourbon,2oz,Build,Coupe
Little Bit Country,Angostura Bitters,1dash,Build,Coupe
Little Bit Country,House Orange Bitters,1dash,Build,Coupe
Little Bit Country,Flamed Orange Twist,1,Garnish,Coupe
Little Bit Country,Jalapeno Slice with few seeds,1,Muddle,Coupe
Little Bit Country,Lemon Juice,.75oz,Build,Coupe
Little Bit Country,Deep Mountain Grade B Maple Syrup,.5oz,Build,Coupe
Little Bit Country,Luxardo Maraschino Liqueur,.25oz,Build,Coupe
Luau,Large Straw,2,Garnish,Rocks
Luau,Angostura Bitters,1dash,Build,Rocks
Luau,Lime Wheel,1,Garnish,Rocks
Luau,Orange Wheel,1,Garnish,Rocks
Luau,Umbrella,1,Garnish,Rocks
Luau,Appleton Estate V/X Rum,.75oz,Build,Rocks
Luau,El Dorado 15-Year-Old Rum,.75oz,Build,Rocks
Luau,Wray & Nephew Overproof Rum,.75oz,Build,Rocks
Luau,Lime Juice,.5oz,Build,Rocks
Luau,Simple Syrup,.5oz,Build,Rocks
Luau,Boiron Passion Fruit Puree,.25oz,Build,Rocks
Luau,Kassatly Chtaura Orgeat,.25oz,Build,Rocks
Mae West Royal Diamond Fizz,Whiskey-soaked Goji Berry,3,Garnish,Egg Coupe
Mae West Royal Diamond Fizz,Goji Berry-Infused Four Roses Single Barrel Bourbon,2oz,Build,Egg Coupe
Mae West Royal Diamond Fizz,Grapefruit Juice,1oz,Build,Egg Coupe
Mae West Royal Diamond Fizz,Whole Egg,1,Build,Egg Coupe
Mae West Royal Diamond Fizz,Pama Pomegranate Liqueur,.5oz,Build,Egg Coupe
Mae West Royal Diamond Fizz,Cayenne,,Rim,Egg Coupe
Mae West Royal Diamond Fizz,Cocoa Powder,,Rim,Egg Coupe
Mae West Royal Diamond Fizz,Sugar,,Rim,Egg Coupe
Mai-Tai,Banks 5 Island Rum,1oz,Build,Rocks
Mai-Tai,Lime Juice,1oz,Build,Rocks
Mai-Tai,Rhum Clement V.S.O.P.,1oz,Build,Rocks
Mai-Tai,Mint Sprig,1,Garnish,Rocks
Mai-Tai,Kassatly Chtaura Orgeat,.5oz,Build,Rocks
Mai-Tai,Marie Brizard Orange Curacao,.5oz,Build,Rocks
Manhattan,Brandied Cherry,3,Garnish,Coupe
Manhattan,Wild Turkey Rye Whiskey,2oz,Build,Coupe
Manhattan,Angostura Bitters,2dashes,Build,Coupe
Manhattan,Martini Sweet Vermouth,1oz,Build,Coupe
Margarita,El Tesoro Platinum Tequila,2oz,Build,Rocks
Margarita,Lime Wheel,1,Garnish,Rocks
Margarita,Cointreau,.75oz,Build,Rocks
Margarita,Lime Juice,.75oz,Build,Rocks
Margarita,Agave Syrup,.25oz,Build,Rocks
Mariner,Compass Box Oak Cross Blended Malt Scotch Whisky,2oz,Build,Rocks
Mariner,Lemon Twist,1,Garnish,Rocks
Mariner,Black Cardamom Syrup,.5oz,Build,Rocks
Mariner,Lemon Juice,.25oz,Build,Rocks
Mariner,Pineapple Juice,.25oz,Build,Rocks
Martinez,Adam Elmegirab's Boker's Bitters,2dashes,Build,Coupe
Martinez,Dolin Sweet Vermouth,1.5oz,Build,Coupe
Martinez,Hayman's Old Tom Gin,1.5oz,Build,Coupe
Martinez,Orange Twist,1,Garnish,Coupe
Martinez,Luxardo Maraschino Liqueur,.25oz,Build,Coupe
Martini,Plymouth Gin,3oz,Build,Coupe
Martini,Dolin Dry Vermouth,1oz,Build,Coupe
Martini,Lemon Twist,1,Garnish,Coupe
Mary Pickford,Banks 5 Island Rum,2oz,Build,Coupe
Mary Pickford,Pineapple Juice,.75oz,Build,Coupe
Mary Pickford,Luxardo Maraschino Liqueur,.5oz,Build,Coupe
Mary Pickford,House Grenadine,.25oz,Build,Coupe
Masataka Swizzle,Peychaud's Bitters,3dashes,Garnish,Rocks
Masataka Swizzle,Demerara Syrup,1barspoon,Build,Rocks
Masataka Swizzle,Nikka Taketsuru 12-Year-Old Japanese Malt Whisky,1.5oz,Build,Rocks
Masataka Swizzle,Mint Sprig,1,Garnish,Rocks
Masataka Swizzle,Lemon Juice,.5oz,Build,Rocks
Masataka Swizzle,Luxardo Amaretto,.5oz,Build,Rocks
Master Cleanse,Laird's Bonded Apple Brandy,2oz,Build,Coupe
Master Cleanse,Herb Pharm Goldenseal Tincture,20drops,Build,Coupe
Master Cleanse,Jalapeno Slice no seeds,2,Muddle,Coupe
Master Cleanse,Jalapeno Slice no seeds,1,Garnish,Coupe
Master Cleanse,Lemon Juice,.75oz,Build,Coupe
Master Cleanse,Deep Mountain Grade B Maple Syrup,.5oz,Build,Coupe
May Daisy,Hine V.S.O.P. Cognac,2oz,Build,Wine
May Daisy,Lemon Juice,1oz,Build,Wine
May Daisy,Mint Sprig,1,Garnish,Wine
May Daisy,Green Chartreuse,.75oz,Build,Wine
May Daisy,Simple Syrup,.75oz,Build,Wine
May Day,Fee Brothers Rhubarb Bitters,3dashes,Build,Coupe
May Day,Moet Imperial Champagne,2oz,Top,Coupe
May Day,Simple Syrup,1barspoon,Build,Coupe
May Day,Aperol,.5oz,Build,Coupe
May Day,Lemon Juice,.5oz,Build,Coupe
May Day,Plymouth Gin,.5oz,Build,Coupe
Melon Stand,Watermelon Ball,3,Garnish,Collins glass
Melon Stand,Plymouth Gin,2oz,Build,Collins glass
Melon Stand,Watermelon Juice,1oz,Build,Collins glass
Melon Stand,Lemon Juice,.75oz,Build,Collins glass
Melon Stand,Aperol,.5oz,Build,Collins glass
Melon Stand,Simple Syrup,.5oz,Build,Collins glass
Mexicano,Cucumber Slice,3,Muddle,Coupe
Mexicano,Moet Imperial Champagne,2oz,Top,Coupe
Mexicano,Partida Reposado Tequila,1.5oz,Build,Coupe
Mexicano,Lemon Twist,1,Garnish,Coupe
Mexicano,Gran Classico Bitter,.75oz,Build,Coupe
Mezcal Mule,Cucumber Slice,3,Muddle,Rocks
Mezcal Mule,House Ginger Beer,1oz,Build,Rocks
Mezcal Mule,Sombra Mezcal,1.5oz,Build,Rocks
Mezcal Mule,Candied Ginger,1,Garnish,Rocks
Mezcal Mule,Cucumber Slice,1,Garnish,Rocks
Mezcal Mule,Pinch Ground Chili,1,Garnish,Rocks
Mezcal Mule,Boiron Passion Fruit Puree,.75oz,Build,Rocks
Mezcal Mule,Lime Juice,.75oz,Build,Rocks
Mezcal Mule,Agave Syrup,.5oz,Build,Rocks
Midnight Express,Freshly Brewed Coffee,3oz,Build,Mug
Midnight Express,Walnut-Infused Hine V.S.O.P. Cognac,1.5oz,Build,Mug
Midnight Express,Pinch Grated Nutmeg,1,Garnish,Mug
Midnight Express,Luxardo Amaretto,.25oz,Build,Mug
Midnight Express,Simple Syrup,.25oz,Build,Mug
Midnight Express,Freshly Whipped Cream,,Garnish,Mug
Milk Punch,Myers's Dark Rum,1oz,Build,Rocks
Milk Punch,Pierre Ferrand Ambre Cognac,1oz,Build,Rocks
Milk Punch,Whole Milk,1.5oz,Build,Rocks
Milk Punch,Pinch Grated Nutmeg,1,Garnish,Rocks
Milk Punch,Simple Syrup,.75oz,Build,Rocks
Mint Apple Crisp,Granny Smith Apple Slice,3,Muddle,Coupe
Mint Apple Crisp,Honeydew Melon Ball,3,Garnish,Coupe
Mint Apple Crisp,Heart of the Hudson Apple Vodka,2oz,Build,Coupe
Mint Apple Crisp,Mint Leaf,2,Muddle,Coupe
Mint Apple Crisp,Masumi Arabashiri Sake,1oz,Build,Coupe
Mint Apple Crisp,Simple Syrup,.25oz,Build,Coupe
Mint Julep,Mint Leaf,8,Muddle,Julep Cup
Mint Julep,Mint Leaf,3,Garnish,Julep Cup
Mint Julep,Booker's Bourbon,2.5oz,Build,Julep Cup
Mint Julep,Simple Syrup,.5oz,Build,Julep Cup
Mojito,Mint Leaf,8,Muddle,Collins
Mojito,Banks 5 Island Rum,2oz,Build,Collins
Mojito,Club Soda,1oz,Top,Collins
Mojito,Simple Syrup,1oz,Build,Collins
Mojito,Mint Sprig,1,Garnish,Collins
Mojito,Lime Juice,.75oz,Build,Collins
Monkey Gland,Beefeater Gin,2oz,Build,Coupe
Monkey Gland,Orange Juice,1oz,Build,Coupe
Monkey Gland,Al Wadi Pomegranate Molasses,1barspoon,Build,Coupe
Monkey Gland,Vieux Pontarlier Absinthe,,Rinse,Coupe
Montgomery Smith,Hine V.S.O.P. Cognac,2oz,Build,Coupe
Montgomery Smith,Lemon Twist,1,Garnish,Coupe
Montgomery Smith,Benedictine,.5oz,Build,Coupe
Montgomery Smith,Fernet Branca,.25oz,Build,Coupe
Morango Fizz,Strawberry-Infused Mae de Ouro Cachaca,2oz,Build,Fizz
Morango Fizz,Club Soda,1oz,Top,Fizz
Morango Fizz,Egg White,1,Build,Fizz
Morango Fizz,Lemon Juice,.75oz,Build,Fizz
Morango Fizz,Simple Syrup,.75oz,Build,Fizz
Moscow Mule,House Ginger Beer,1oz,Build,Mule Cup
Moscow Mule,Simple Syrup,1oz,Build,Mule Cup
Moscow Mule,Smirnoff Black Vodka,1.5oz,Build,Mule Cup
Moscow Mule,Candied Ginger,1,Garnish,Mule Cup
Moscow Mule,Lime Wheel,1,Garnish,Mule Cup
Moscow Mule,Lime Juice,.75oz,Build,Mule Cup
Mount Vernon,Brandied Cherry,3,Garnish,Coupe
Mount Vernon,Clear Creek Kirschwasser,1oz,Build,Coupe
Mount Vernon,Gran Duque D'Alba Brandy de Jerez,1oz,Build,Coupe
Mount Vernon,Grapefruit Juice,.75oz,Build,Coupe
Mount Vernon,Cherry Heering,.5oz,Build,Coupe
Mount Vernon,Lustau Pedro Ximenez Sherry,.5oz,Build,Coupe
Mum's Apple Pie,Red Jacket Orchards Apple Cider,1oz,Build,Collins glass
Mum's Apple Pie,Havana Club 7-Year-Old Rum,1.5oz,Build,Collins glass
Mum's Apple Pie,Apple Slice,1,Garnish,Collins glass
Mum's Apple Pie,Pinch Grated Cinnamon,1,Garnish,Collins glass
Mum's Apple Pie,Pinch Grated Nutmeg,1,Garnish,Collins glass
Mum's Apple Pie,Lemon Juice,.75oz,Build,Collins glass
Mum's Apple Pie,Demerara Syrup,.5oz,Build,Collins glass
Navy Grog,Appleton Estate Reserve Rum,1oz,Build,Collins
Navy Grog,El Dorado 15-Year-Old Rum,1oz,Build,Collins
Navy Grog,Gosling's Black Seal Rum,1oz,Build,Collins
Navy Grog,Grapefruit Juice,.75oz,Build,Collins
Navy Grog,Lime Juice,.75oz,Build,Collins
Navy Grog,Honey Syrup,.5oz,Build,Collins
Negroni,Beefeater Gin,1.25oz,Build,Coupe/Rocks
Negroni,Campari,1.25oz,Build,Coupe/Rocks
Negroni,Martini Sweet Vermouth,1.25oz,Build,Coupe/Rocks
Negroni,Orange Twist,1,Garnish,Coupe/Rocks
New Amsterdam,Bols Genever,2oz,Build,Coupe
New Amsterdam,Peychaud's Bitters,2dashes,Build,Coupe
New Amsterdam,Clear Creek Kirschwasser,1oz,Build,Coupe
New Amsterdam,Demerara Syrup,1barspoon,Build,Coupe
New Amsterdam,Lemon Twist,1,Garnish,Coupe
New York Flip,Noval Black Port,2oz,Top,Coupe
New York Flip,Elijah Craig 12-Year-Old Bourbon,1oz,Build,Coupe
New York Flip,Egg Yolk,1,Build,Coupe
New York Flip,Pinch Grated Nutmeg,1,Garnish,Coupe
New York Flip,Heavy Cream,.5oz,Build,Coupe
New York Flip,Simple Syrup,.25oz,Build,Coupe
Newark,Laird's Bonded Apple Brandy,2oz,Build,Coupe
Newark,Vya Sweet Vermouth,1oz,Build,Coupe
Newark,Fernet Branca,.25oz,Build,Coupe
Newark,Maraska Maraschino Liqueur,.25oz,Build,Coupe
Newfangled,Brandied Cherry,3,Muddle,Coupe
Newfangled,Old Grand-Dad Bonded Bourbon,2oz,Build,Coupe
Newfangled,Southampton Double White Ale,2oz,Top,Coupe
Newfangled,Angostura Bitters,2dashes,Build,Coupe
Newfangled,Half an Orange Wheel,1,Muddle,Coupe
Newfangled,Simple Syrup,.25oz,Build,Coupe
Nigori Milk Punch,Feldman's Barrel Aged Bitters,3dashes,Build,Coupe
Nigori Milk Punch,Kamoizumi Nigori Sake,2oz,Build,Coupe
Nigori Milk Punch,Hine V.S.O.P. Cognac,1oz,Build,Coupe
Nigori Milk Punch,Pinch Grated Nutmeg,1,Garnish,Coupe
Nigori Milk Punch,Navan Vanilla Liqueur,.5oz,Build,Coupe
Noce Royale,Moet Imperial Champagne,2oz,Top,Coupe
Noce Royale,Beefeater Gin,1.5oz,Build,Coupe
Noce Royale,Plymouth Sloe Gin,.5oz,Build,Coupe
Noce Royale,Monteverdi Nocino,.25oz,Build,Coupe
Norman Inversion,Dupont Brut Sparkling Cider,2oz,Top,Coupe
Norman Inversion,Aviation Gin,1oz,Build,Coupe
Norman Inversion,Regan's Orange Bitters,1dash,Build,Coupe
Norman Inversion,Schonauer Apfel Schnapps,.5oz,Build,Coupe
Norman Inversion,Grapefruit Juice,.25oz,Build,Coupe
Norman Inversion,Simple Syrup,.25oz,Build,Coupe
Nouveau Carre,Peychaud's Bitters,3dashes,Build,Coupe
Nouveau Carre,Ocho Anejo Tequila,1.5oz,Build,Coupe
Nouveau Carre,Lemon Twist,1,Garnish,Coupe
Nouveau Carre,Lillet Blanc,.75oz,Build,Coupe
Nouveau Carre,Benedictine,.25oz,Build,Coupe
Nouveau Sangaree,Beaujolais Nouveau,2oz,Build,Coupe
Nouveau Sangaree,Angostura Bitters,2dashes,Build,Coupe
Nouveau Sangaree,Laird's Bonded Apple Brandy,1.5oz,Build,Coupe
Nouveau Sangaree,Apple Fan,1,Garnish,Coupe
Nouveau Sangaree,Pinch Grated Cinnamon,1,Garnish,Coupe
Nouveau Sangaree,Plymouth Sloe Gin,.5oz,Build,Coupe
Nouveau Sangaree,Deep Mountain Grade B Maple Syrup,.25oz,Build,Coupe
Noval Cup,Club Soda,2oz,Top,Collins
Noval Cup,Noval Black Port,2oz,Build,Collins
Noval Cup,Cucumber Wheel,1,Garnish,Collins
Noval Cup,Strawberry,1,Muddle,Collins
Noval Cup,Lemon Juice,.5oz,Build,Collins
Noval Cup,Simple Syrup,.5oz,Build,Collins
Nth Degree,Fee Brothers Whiskey Barrel Aged Bitters,2dashes,Build,Rocks
Nth Degree,Laird's Bonded Apple Brandy,1oz,Build,Rocks
Nth Degree,Rhum Clement V.S.O.P.,1oz,Build,Rocks
Nth Degree,Demerara Sugar Cube,1,Muddle,Rocks
Nth Degree,Lemon Twist,1,Garnish,Rocks
Nth Degree,Orange Twist,1,Garnish,Rocks
Nth Degree,Green Chartreuse,.5oz,Build,Rocks
Occidental,Linie Aquavit,2oz,Build,Coupe
Occidental,Orange Twist,1,Garnish,Coupe
Occidental,Grand Marnier,.75oz,Build,Coupe
Occidental,Nonino Amaro,.5oz,Build,Coupe
Occidental,Fernet Branca,,Rinse,Coupe
Old Flame,Plymouth Gin,2oz,Build,Egg Coupe
Old Flame,Egg White,1,Build,Egg Coupe
Old Flame,Lemon Juice,.75oz,Build,Egg Coupe
Old Flame,Simple Syrup,.75oz,Build,Egg Coupe
Old Flame,Green Chartreuse V.E.P.,.5oz,Flame,Egg Coupe
Old Maid,Mint Leaf,6,Muddle,Rocks
Old Maid,Cucumber Slice,3,Muddle,Rocks
Old Maid,Plymouth Gin,2oz,Build,Rocks
Old Maid,Lime Juice,1oz,Build,Rocks
Old Maid,Cucumber Slice,1,Garnish,Rocks
Old Maid,Mint Sprig,1,Garnish,Rocks
Old Maid,Simple Syrup,.75oz,Build,Rocks
Old Pal,Old Overholt Rye Whiskey,2oz,Build,Coupe
Old Pal,Campari,.75oz,Build,Coupe
Old Pal,Dolin Dry Vermouth,.75oz,Build,Coupe
Old-Fashioned Whiskey Cocktail,Wild Turkey Rye Whiskey,2oz,Build,Rocks
Old-Fashioned Whiskey Cocktail,Angostura Bitters,2dashes,Build,Rocks
Old-Fashioned Whiskey Cocktail,Demerara Sugar Cube,1,Muddle,Rocks
Old-Fashioned Whiskey Cocktail,Lemon Twist,1,Garnish,Rocks
Opera Cocktail,Plymouth Gin,2oz,Build,Coupe
Opera Cocktail,Dubonnet Rouge,1oz,Build,Coupe
Opera Cocktail,House Orange Bitters,1dash,Build,Coupe
Opera Cocktail,Orange Twist,1,Garnish,Coupe
Opera Cocktail,Mandarin Napoleon,.25oz,Build,Coupe
Paddington,Banks 5 Island Rum,1.5oz,Build,Coupe
Paddington,Grapefruit Twist,1,Garnish,Coupe
Paddington,Grapefruit Juice,.5oz,Build,Coupe
Paddington,Lemon Juice,.5oz,Build,Coupe
Paddington,Lillet Blanc,.5oz,Build,Coupe
Paddington,Bonne Maman Orange Marmalade,1barspoon,Build,Coupe
Paddington,St. George Absinthe,,Rinse,Coupe
Paddy Wallbanger,House Orange Bitters,2dashes,Build,Coupe
Paddy Wallbanger,Black Bush Irish Whiskey,1.5oz,Build,Coupe
Paddy Wallbanger,Dolin Dry Vermouth,1.5oz,Build,Coupe
Paddy Wallbanger,Galliano L'Autentico,.5oz,Build,Coupe
Paloma,Siete Leguas Reposado Tequila,2oz,Build,Collins
Paloma,Ting Grapefruit Soda,2oz,Top,Collins
Paloma,Half a Grapefruit Wheel,1,Garnish,Collins
Paloma,Lime Juice,.5oz,Build,Collins
Paloma,Salt,,Rim,Collins
Parkside Fizz,Mint Leaf,8,Muddle,Rocks
Parkside Fizz,Hangar One Buddha's Hand Vodka,2oz,Build,Rocks
Parkside Fizz,Club Soda,1oz,Top,Rocks
Parkside Fizz,Mint Sprig,1,Garnish,Rocks
Parkside Fizz,Lemon Juice,.75oz,Build,Rocks
Parkside Fizz,Kassatly Chtaura Orgeat,.5oz,Build,Rocks
Paul's Club Cocktail,Tanqueray Gin,2oz,Build,Coupe
Paul's Club Cocktail,Concord Shrubb,1oz,Build,Coupe
Paul's Club Cocktail,Ricard Pastis,.25oz,Float,Coupe
Paul's Club Cocktail,Simple Syrup,.25oz,Build,Coupe
Pearl Button,Mae de Ouro Cachaca,2oz,Build,Collins glass
Pearl Button,San Pellegrino Limonata,1.5oz,Top,Collins glass
Pearl Button,Half a Grapefruit Wheel,1,Garnish,Collins glass
Pearl Button,Lillet Blanc,.75oz,Build,Collins glass
Pearl Button,Lime Juice,.5oz,Build,Collins glass
Pearl of Puebla,Oregano Sprig,4,Muddle,Coupe
Pearl of Puebla,Sombra Mezcal,2oz,Build,Coupe
Pearl of Puebla,Agave Nectar,1barspoon,Build,Coupe
Pearl of Puebla,Ricard Pastis,1barspoon,Build,Coupe
Pearl of Puebla,Lime Juice,.75oz,Build,Coupe
Pearl of Puebla,Yellow Chartreuse,.75oz,Build,Coupe
Perfect Pear,Clear Creek Pear Brandy,2oz,Build,Coupe
Perfect Pear,Lemon Juice,.75oz,Build,Coupe
Perfect Pear,Orange Juice,.5oz,Build,Coupe
Perfect Pear,Simple Syrup,.5oz,Build,Coupe
Perfect Pear,Sugar,,Rim,Coupe
Persephone,Laird's Applejack,1oz,Build,Coupe
Persephone,Dolin Sweet Vermouth,.75oz,Build,Coupe
Persephone,Lemon Juice,.5oz,Build,Coupe
Persephone,Plymouth Sloe Gin,.5oz,Build,Coupe
Persephone,Simple Syrup,.5oz,Build,Coupe
Pharaoh Cooler,Marivani Rose Flower Water,4drops,Build,Collins glass
Pharaoh Cooler,Club Soda,1oz,Top,Collins glass
Pharaoh Cooler,Watermelon Juice,1oz,Build,Collins glass
Pharaoh Cooler,Partida Blanco Tequila,1.5oz,Build,Collins glass
Pharaoh Cooler,House Grenadine,.75oz,Build,Collins glass
Pharaoh Cooler,Lime Juice,.5oz,Build,Collins glass
Pimms Cup,Cucumber Slice,3,Muddle,Collins glass
Pimms Cup,Pimm's No. 1 Cup,2oz,Build,Collins glass
Pimms Cup,Fever-Tree Ginger Ale,1oz,Top,Collins glass
Pimms Cup,Cucumber Slice,1,Garnish,Collins glass
Pimms Cup,Lemon Juice,.75oz,Build,Collins glass
Pimms Cup,Simple Syrup,.5oz,Build,Collins glass
Pink Lady,Plymouth Gin,1.5oz,Build,Egg Coupe
Pink Lady,Egg White,1,Build,Egg Coupe
Pink Lady,Lemon Juice,.75oz,Build,Egg Coupe
Pink Lady,House Grenadine,.5oz,Build,Egg Coupe
Pink Lady,Laird's Applejack,.5oz,Build,Egg Coupe
Pink Lady,Simple Syrup,.5oz,Build,Egg Coupe
Pisco Sour,Angostura Bitters,4drops,Garnish,Egg Coupe
Pisco Sour,La Diablada Pisco,2oz,Build,Egg Coupe
Pisco Sour,Egg White,1,Build,Egg Coupe
Pisco Sour,Lime Juice,.75oz,Build,Egg Coupe
Pisco Sour,Simple Syrup,.75oz,Build,Egg Coupe
Platanos en Mole Old Fashioned,Ron Zacapa 23 Centenario Rum,2oz,Build,Rocks
Platanos en Mole Old Fashioned,Bittermens Xocolatl Mole Bitters,12drops,Build,Rocks
Platanos en Mole Old Fashioned,Pinch Ground Chili,1,Garnish,Rocks
Platanos en Mole Old Fashioned,Marie Brizard Creme de Banane,.25oz,Build,Rocks
Primavera,Krogstad Aquavit,2oz,Build,Coupe
Primavera,Asparagus Tip,2,Muddle,Coupe
Primavera,Celery Stalk,1,Muddle,Coupe
Primavera,Fennel Bulb Slice,1,Muddle,Coupe
Primavera,Orange Twist,1,Garnish,Coupe
Primavera,Cointreau,.75oz,Build,Coupe
Primavera,Lemon Juice,.75oz,Build,Coupe
Primavera,St. George Absinthe,,Rinse,Coupe
Prince Edward,Compass Box Oak Cross Blended Malt Scotch Whisky,2oz,Build,Coupe
Prince Edward,House Orange Bitters,2dashes,Build,Coupe
Prince Edward,Orange Twist,1,Garnish,Coupe
Prince Edward,Lillet Blanc,.75oz,Build,Coupe
Prince Edward,Drambuie,.5oz,Build,Coupe
Prince of Wales,Blandy's Sercial Madeira,1oz,Build,Coupe
Prince of Wales,Hine V.S.O.P. Cognac,1oz,Build,Coupe
Prince of Wales,Moet Imperial Champagne,1oz,Top,Coupe
Prince of Wales,Angostura Bitters,1dash,Build,Coupe
Prince of Wales,Orange Twist,1,Garnish,Coupe
Prince of Wales,Grand Marnier,.25oz,Build,Coupe
Professor,Rhum Clement V.S.O.P.,2oz,Build,Coupe
Professor,Angostura Bitters,1dash,Build,Coupe
Professor,House Orange Bitters,1dash,Build,Coupe
Professor,Orange Twist,1,Garnish,Coupe
Professor,Dow's Tawny Port,.75oz,Build,Coupe
Professor,Carpano Antica Sweet Vermouth,.5oz,Build,Coupe
Pumpkin Toddy,Angostura Bitters,2dashes,Build,Mug
Pumpkin Toddy,Libby's Pumpkin Puree,1tsp,Build,Mug
Pumpkin Toddy,Laird's Bonded Apple Brandy,1oz,Build,Mug
Pumpkin Toddy,Pinch Grated Cinnamon,1,Garnish,Mug
Pumpkin Toddy,Deep Mountain Grade B Maple Syrup,.5oz,Build,Mug
Pumpkin Toddy,Hot Water,.5oz,Top,Mug
Pumpkin Toddy,Lemon Juice,.5oz,Build,Mug
Pumpkin Toddy,Rittenhouse Bonded Rye Whiskey,.5oz,Build,Mug
Queen Park Swizzle,Mint Leaf,8,Muddle,Collins
Queen Park Swizzle,Barbancourt 8-Year-Old Rhum,2oz,Build,Collins
Queen Park Swizzle,Angostura Bitters,2dashes,Top,Collins
Queen Park Swizzle,Peychaud's Bitters,2dashes,Top,Collins
Queen Park Swizzle,Lime Juice,1oz,Build,Collins
Queen Park Swizzle,Mint Sprig,1,Garnish,Collins
Queen Park Swizzle,Demerara Syrup,.5oz,Build,Collins
Rack & Rye,Angostura Bitters,2dashes,Build,Rocks
Rack & Rye,Angostura Orange Bitters,2dashes,Build,Rocks
Rack & Rye,Wild Turkey Russell's Reserve 6-Year-Old Rye Whiskey,1.5oz,Build,Rocks
Rack & Rye,Lemon Peel,1,Twist,Rocks
Rack & Rye,Orange Peel,1,Twist,Rocks
Rack & Rye,Rock Candy Swizzle,1,Garnish,Rocks
Rack & Rye,van Oosten Batavia Arrack,.75oz,Build,Rocks
Rack & Rye,Demerara Syrup,.25oz,Build,Rocks
Ramos Gin Fizz,Marivani Orange Flower Water,5drops,Build,Egg Coupe
Ramos Gin Fizz,Beefeater Gin,2oz,Build,Egg Coupe
Ramos Gin Fizz,Club Soda,1oz,Top,Egg Coupe
Ramos Gin Fizz,Egg White,1,Build,Egg Coupe
Ramos Gin Fizz,Heavy Cream,.75oz,Build,Egg Coupe
Ramos Gin Fizz,Simple Syrup,.75oz,Build,Egg Coupe
Ramos Gin Fizz,Lemon Juice,.5oz,Build,Egg Coupe
Ramos Gin Fizz,Lime Juice,.5oz,Build,Egg Coupe
Rapscallion,Talisker 10-Year-Old Single Malt Scotch Whisky,2.25oz,Build,Coupe
Rapscallion,Lemon Peel,1,Twist,Coupe
Rapscallion,Lustau Pedro Ximenez Sherry,.75oz,Build,Coupe
Rapscallion,St. George Absinthe,,Rinse,Coupe
Raspberries Reaching,Marivani Rose Flower Water,3drops,Build,Coupe
Raspberries Reaching,"Tokaji Aszu 5 Puttonyos ""Red Label""",1oz,Build,Coupe
Raspberries Reaching,Trimbach Framboise,1.5oz,Build,Coupe
Raspberries Reaching,Pink Rose Petal,1,Garnish,Coupe
Raspberries Reaching,Pama Pomegranate Liqueur,.5oz,Build,Coupe
Rattlesnake,Rittenhouse Bonded Rye Whiskey,2oz,Build,Egg Coupe
Rattlesnake,Lemon Juice,1oz,Build,Egg Coupe
Rattlesnake,Egg White,1,Build,Egg Coupe
Rattlesnake,Simple Syrup,.75oz,Build,Egg Coupe
Rattlesnake,Vieux Pontarlier Absinthe,,Rinse,Egg Coupe
Red Devil,Dried Persimmon Slice,3,Muddle,Rocks
Red Devil,Bols Genever,2oz,Build,Rocks
Red Devil,Fee Brothers Whiskey Barrel Aged Bitters,2dashes,Build,Rocks
Red Devil,Jujube Tea-infused Vya Sweet Vermouth,1oz,Build,Rocks
Red Devil,Cinnamon Stick,1,Garnish,Rocks
Red-headed Saint,A.B. Smeby Verbena Bitters,4dashes,Build,Collins glass
Red-headed Saint,Peychaud's Bitters,4dashes,Top,Collins glass
Red-headed Saint,Beleza Pura Cachaca,2oz,Build,Collins glass
Red-headed Saint,Lime Juice,.75oz,Build,Collins glass
Red-headed Saint,Agave Syrup,.5oz,Build,Collins glass
Red-headed Saint,Yellow Chartreuse,.25oz,Build,Collins glass
Remember Maine,Rhum Clement V.S.O.P.,2oz,Build,Rocks
Remember Maine,Angostura Bitters,2dashes,Build,Rocks
Remember Maine,Red Jacket Orchards Apple Cider,1.5oz,Build,Rocks
Remember Maine,Apple Fan,1,Garnish,Rocks
Remember Maine,Pinch Sea Salt,1,Garnish,Rocks
Remember Maine,St. Elizabeth Allspice Dram,.25oz,Build,Rocks
Remember the Maine,Wild Turkey Russell's Reserve 6-Year-Old Rye Whiskey,2oz,Build,Coupe
Remember the Maine,Pernod,1barspoon,Build,Coupe
Remember the Maine,Lemon Twist,1,Garnish,Coupe
Remember the Maine,Carpano Antica Sweet Vermouth,.75oz,Build,Coupe
Remember the Maine,Cherry Heering,.5oz,Build,Coupe
Resting Point,Siete Leguas Reposado Tequila,1.5oz,Build,Coupe
Resting Point,Strawberry,1,Garnish,Coupe
Resting Point,Strawberry,1,Muddle,Coupe
Resting Point,Strawberry Fan,1,Garnish,Coupe
Resting Point,Agave Syrup,.5oz,Build,Coupe
Resting Point,Lemon Juice,.5oz,Build,Coupe
Resting Point,Punt e Mes,.5oz,Build,Coupe
Resting Point,Yellow Chartreuse,.5oz,Build,Coupe
Reverend Palmer,BlackTea-Infused Elijah Craig 12-Year-Old Bourbon,2oz,Build,Rocks
Reverend Palmer,Angostura Bitters,2dashes,Build,Rocks
Reverend Palmer,Lemon Twist,1,Garnish,Rocks
Reverend Palmer,Lemon Syrup,.5oz,Build,Rocks
Rhubarbarita,Lemon Juice,1oz,Build,Coupe
Rhubarbarita,Partida Blanco Tequila,1.5oz,Build,Coupe
Rhubarbarita,Grapefruit Twist,1,Garnish,Coupe
Rhubarbarita,Grand Marnier,.75oz,Build,Coupe
Rhubarbarita,Boiron Rhubarb Puree,.5oz,Build,Coupe
Rhubarbarita,House Grenadine,.5oz,Build,Coupe
Rhum Club,Banks 5 Island Rum,2oz,Build,Coupe
Rhum Club,Angostura Bitters,2dashes,Build,Coupe
Rhum Club,Angostura Orange Bitters,1dash,Build,Coupe
Rhum Club,Orange Wedge,1,Garnish,Coupe
Rhum Club,Lime Juice,.75oz,Build,Coupe
Rhum Club,Rhum Clement Creole Shrubb,.5oz,Build,Coupe
Rhum Club,Martinique Sugar Cane Syrup,.25oz,Build,Coupe
Rio Bravo,Freshly Peeled Ginger Slice,3,Muddle,Coupe
Rio Bravo,Sagatiba Cachaca,2oz,Build,Coupe
Rio Bravo,Orange Twist,1,Garnish,Coupe
Rio Bravo,Lime Juice,.75oz,Build,Coupe
Rio Bravo,Kassatly Chtaura Orgeat,.5oz,Build,Coupe
Rite of Spring,Tanqueray Gin,2oz,Build,Coupe
Rite of Spring,Pickled Ramps,1,Garnish,Coupe
Rite of Spring,Vya Dry Vermouth,.75oz,Build,Coupe
Rite of Spring,Pickled Ramp Brine,.25oz,Build,Coupe
Rob Roy,Angostura Orange Bitters,2dashes,Build,Coupe
Rob Roy,Famous Grouse Blended Scotch Whisky,2.5oz,Build,Coupe
Rob Roy,Lemon Twist,1,Garnish,Coupe
Rob Roy,Dolin Sweet Vermouth,.75oz,Build,Coupe
Romeo Y Julieta,Aftel Tobacco Essence,4,Spritz,Coupe
Romeo Y Julieta,Ron Zacapa Centenario 23 Rum,2oz,Build,Coupe
Romeo Y Julieta,Campari,.5oz,Build,Coupe
Romeo Y Julieta,Carpano Antica Sweet Vermouth,.5oz,Build,Coupe
Rose,Brandied Cherry,3,Garnish,Coupe
Rose,Noilly Prat Dry Vermouth,2oz,Build,Coupe
Rose,Clear Creek Kirschwasser,1oz,Build,Coupe
Rose,Bonne Maman Raspberry Preserves,1barspoon,Build,Coupe
Rosita,Angostura Bitters,1dash,Build,Coupe
Rosita,Partida Reposado Tequila,1.5oz,Build,Coupe
Rosita,Orange Twist,1,Garnish,Coupe
Rosita,Campari,.5oz,Build,Coupe
Rosita,Dolin Dry Vermouth,.5oz,Build,Coupe
Rosita,Martini Sweet Vermouth,.5oz,Build,Coupe
Royal Bermuda Yachtclub Cocktail,Mount Gay Eclipse Amber Rum,2oz,Build,Coupe
Royal Bermuda Yachtclub Cocktail,Lime Juice,1oz,Build,Coupe
Royal Bermuda Yachtclub Cocktail,Lime Wheel,1,Garnish,Coupe
Royal Bermuda Yachtclub Cocktail,Cointreau,.5oz,Build,Coupe
Royal Bermuda Yachtclub Cocktail,John D. Taylor's Velvet Falernum,.5oz,Build,Coupe
Rust Belt,Angostura Bitters,2,Spritz,Egg Coupe
Rust Belt,Barbancourt 8-Year-Old Rhum,1.5oz,Build,Egg Coupe
Rust Belt,Egg White,1,Build,Egg Coupe
Rust Belt,Lemon Juice,.5oz,Build,Egg Coupe
Rust Belt,Lime Juice,.5oz,Build,Egg Coupe
Rust Belt,Navan Vanilla Liqueur,.5oz,Build,Egg Coupe
Rust Belt,Kassatly Chtaura Orgeat,.25oz,Build,Egg Coupe
Rusty Nail,Famous Grouse Blended Scotch Whisky,2oz,Build,Coupe
Rusty Nail,Drambuie,.75oz,Build,Coupe
Rye Witch,Rittenhouse Bonded Rye Whiskey,2oz,Build,Rocks
Rye Witch,House Orange Bitters,2dashes,Build,Rocks
Rye Witch,Orange Peel,1,Twist,Rocks
Rye Witch,Sugar Cube,1,Muddle,Rocks
Rye Witch,Lustau Palo Cortado Sherry,.25oz,Build,Rocks
Rye Witch,Strega,.25oz,Build,Rocks
Sage Old Buck,Whole Black Peppercorn,8,Muddle,Collins
Sage Old Buck,Benromach 12-Year-Old Single Malt Scotch Whisky,1.5oz,Build,Collins
Sage Old Buck,Sage Leaf,1,Garnish,Collins
Sage Old Buck,House Ginger Beer,.75oz,Build,Collins
Sage Old Buck,Lemon Juice,.75oz,Build,Collins
Sage Old Buck,Simple Syrup,.75oz,Build,Collins
Sage Old Buck,Belle de Brillet,.5oz,Build,Collins
Sage Old Buck,Eurovanille Vanilla Syrup,.25oz,Build,Collins
Sazerac,Peychaud's Bitters,3dashes,Build,Rocks
Sazerac,Rittenhouse Bonded Rye Whiskey,2oz,Build,Rocks
Sazerac,Angostura Bitters,2dashes,Build,Rocks
Sazerac,Demerara Sugar Cube,1,Muddle,Rocks
Sazerac,Lemon Peel,1,Twist,Rocks
Sazerac,Vieux Pontarlier Absinthe,,Rinse,Rocks
Seelbach Cocktail,Peychaud's Bitters,3dashes,Build,Coupe
Seelbach Cocktail,Moet Imperial Champagne,2oz,Top,Coupe
Seelbach Cocktail,Angostura Bitters,2dashes,Build,Coupe
Seelbach Cocktail,Bulleit Bourbon,1oz,Build,Coupe
Seelbach Cocktail,Orange Twist,1,Garnish,Coupe
Seelbach Cocktail,Cointreau,.5oz,Build,Coupe
Shaddock Rose,El Tesoro Reposado Tequila,2oz,Build,Coupe
Shaddock Rose,House Orange Bitters,1dash,Build,Coupe
Shaddock Rose,Peychaud's Bitters,1dash,Build,Coupe
Shaddock Rose,Lemon Twist,1,Garnish,Coupe
Shaddock Rose,Small Hand Foods Grapefruit Cordial,.5oz,Build,Coupe
Shiso Delicious,Shiso Leaves,2,Muddle,Coupe
Shiso Delicious,Aviation Gin,1.75oz,Build,Coupe
Shiso Delicious,Red Bell Pepper Slice,1,Muddle,Coupe
Shiso Delicious,Lemon Juice,.75oz,Build,Coupe
Shiso Delicious,Grapefruit Juice,.5oz,Build,Coupe
Shiso Delicious,Martinique Sugar Cane Syrup,.25oz,Build,Coupe
Shiso Malt Sour,Yamazaki 12-Year-Old Japanese Single Malt Whisky,2oz,Build,Egg Coupe
Shiso Malt Sour,Shiso Leaves,2,Muddle,Egg Coupe
Shiso Malt Sour,Egg White,1,Build,Egg Coupe
Shiso Malt Sour,Shiso Leaves,1,Garnish,Egg Coupe
Shiso Malt Sour,Lime Juice,.75oz,Build,Egg Coupe
Shiso Malt Sour,Simple Syrup,.75oz,Build,Egg Coupe
Shiso Malt Sour,Vieux Pontarlier Absinthe,.25oz,Build,Egg Coupe
Sidecar,Remy Martin V.S.O.P. Cognac,2oz,Build,Coupe
Sidecar,Cointreau,.75oz,Build,Coupe
Sidecar,Lemon Juice,.75oz,Build,Coupe
Sidecar,Simple Syrup,.25oz,Build,Coupe
Sidecar,Sugar,,Rim,Coupe
Siesta,El Tesoro Reposado Tequila,2oz,Build,Coupe
Siesta,Grapefruit Twist,1,Garnish,Coupe
Siesta,Campari,.5oz,Build,Coupe
Siesta,Grapefruit Juice,.5oz,Build,Coupe
Siesta,Lime Juice,.5oz,Build,Coupe
Siesta,Simple Syrup,.5oz,Build,Coupe
Silk Road,Black Sesame-Infused Krogstad Aquavit,2oz,Build,Coupe
Silk Road,Angostura Bitters,1dash,Build,Coupe
Silk Road,Peychaud's Bitters,1dash,Build,Coupe
Silk Road,Flamed Orange Twist,1,Garnish,Coupe
Silk Road,Caramelized Simple Syrup,.25oz,Build,Coupe
Silver Lining,Club Soda,1oz,Top,Fizz
Silver Lining,Old Overholt Rye Whiskey,1.5oz,Build,Fizz
Silver Lining,Egg White,1,Build,Fizz
Silver Lining,Lemon Juice,.75oz,Build,Fizz
Silver Lining,Licor 43,.75oz,Build,Fizz
Silver Lining,Simple Syrup,.25oz,Build,Fizz
Silver Root Beer Fizz,Fitz's Root Beer,2oz,Top,Fizz
Silver Root Beer Fizz,Mount Gay Eclipse White Rum,1oz,Build,Fizz
Silver Root Beer Fizz,Smith & Cross Jamaican Rum,1oz,Build,Fizz
Silver Root Beer Fizz,Egg White,1,Build,Fizz
Silver Root Beer Fizz,Pinch Grated Nutmeg,1,Garnish,Fizz
Silver Root Beer Fizz,Lemon Juice,.5oz,Build,Fizz
Silver Root Beer Fizz,Pineapple Juice,.5oz,Build,Fizz
Silver Sangaree,Kirsch Brandied Cherry,4,Muddle,Wine
Silver Sangaree,Paumanok Cabernet Franc,1.5oz,Build,Wine
Silver Sangaree,Egg White,1,Build,Wine
Silver Sangaree,Pinch Grated Nutmeg,1,Garnish,Wine
Silver Sangaree,Lemon Juice,.75oz,Build,Wine
Silver Sangaree,Clove Syrup,.5oz,Build,Wine
Silver Sangaree,Dow's Ruby Port,.5oz,Build,Wine
Silver Sangaree,Famous Grouse Blended Scotch Whisky,.5oz,Build,Wine
Singapore Sling,Pineapple Juice,2oz,Build,Collins glass
Singapore Sling,Angostura Bitters,1dash,Build,Collins glass
Singapore Sling,Plymouth Gin,1.5oz,Build,Collins glass
Singapore Sling,Cherry,1,Garnish,Collins glass
Singapore Sling,Pineapple Slice,1,Garnish,Collins glass
Singapore Sling,Cherry Heering,.5oz,Build,Collins glass
Singapore Sling,House Grenadine,.5oz,Build,Collins glass
Singapore Sling,Benedictine,.25oz,Build,Collins glass
Singapore Sling,Cointreau,.25oz,Build,Collins glass
Singapore Sling,Lime Juice,.25oz,Build,Collins glass
Single Malt Sangaree,Paumanok Cabernet Franc,2oz,Build,Mug
Single Malt Sangaree,Dubonnet Rouge,1oz,Build,Mug
Single Malt Sangaree,Oban 14-Year-Old Single Malt Scotch Whisky,1oz,Build,Mug
Single Malt Sangaree,Demerara Syrup,1barspoon,Build,Mug
Single Malt Sangaree,Cinnamon Stick,1,Garnish,Mug
Single Malt Sangaree,Orange Peel,1,Twist,Mug
Single Malt Sangaree,Grand Marnier,.75oz,Build,Mug
Sloe Gin Fizz,Club Soda,3oz,Top,Fizz
Sloe Gin Fizz,Plymouth Gin,1oz,Build,Fizz
Sloe Gin Fizz,Plymouth Sloe Gin,1oz,Build,Fizz
Sloe Gin Fizz,Lemon Juice,.75oz,Build,Fizz
Sloe Gin Fizz,Simple Syrup,.25oz,Build,Fizz
Smoky Grove,Compass Box Peat Monster Blended Malt Scotch Whisky,2oz,Build,Coupe
Smoky Grove,Angostura Bitters,1dash,Build,Coupe
Smoky Grove,House Orange Bitters,1dash,Build,Coupe
Smoky Grove,Flamed Orange Twist,1,Garnish,Coupe
Smoky Grove,Carpano Antica Sweet Vermouth,.5oz,Build,Coupe
Smoky Grove,Dolin Dry Vermouth,.5oz,Build,Coupe
Solstice,Rittenhouse Bonded Rye Whiskey,1.5oz,Build,Coupe
Solstice,Dubonnet Rouge,.5oz,Build,Coupe
Solstice,Laird's Bonded Apple Brandy,.5oz,Build,Coupe
Solstice,Nonino Amaro,.5oz,Build,Coupe
Solstice,House Grenadine,.25oz,Build,Coupe
South Slope,Lemon Twist,1,Garnish,Coupe
South Slope,Aperol,.75oz,Build,Coupe
South Slope,Beefeater Gin,.75oz,Build,Coupe
South Slope,Lillet Blanc,.75oz,Build,Coupe
South Slope,Lemon Juice,.5oz,Build,Coupe
South Slope,Marie Brizard Orange Curacao,.5oz,Build,Coupe
Southside,Mint Leaf,4,Muddle,Coupe
Southside,Plymouth Gin,2oz,Build,Coupe
Southside,Lemon Juice,.75oz,Build,Coupe
Southside,Simple Syrup,.75oz,Build,Coupe
Spice Market,Masumi Arabashiri Sake,2oz,Build,Coupe
Spice Market,Beefeater 24 Gin,1oz,Build,Coupe
Spice Market,John D. Taylor's Velvet Falernum,1barspoon,Build,Coupe
Spice Market,Aftel Clove Essence,1,Spritz,Coupe
St. Rita,Moet Imperial Champagne,2oz,Top,Egg Coupe
St. Rita,Clear Creek Plum Brandy,1.5oz,Build,Egg Coupe
St. Rita,Edible Orchid,1,Garnish,Egg Coupe
St. Rita,Marivani Lavender Essence,1,Spritz,Egg Coupe
St. Rita,Lime Juice,.75oz,Build,Egg Coupe
St. Rita,Honey Syrup,.5oz,Build,Egg Coupe
St. Rita,Zwack,.5oz,Build,Egg Coupe
Staggerac,Peychaud's Bitters,3dashes,Build,Rocks
Staggerac,George T. Stagg Bourbon,2oz,Build,Rocks
Staggerac,Angostura Bitters,2dashes,Build,Rocks
Staggerac,Lemon Peel,1,Twist,Rocks
Staggerac,Sugar Cube,1,Muddle,Rocks
Staggerac,Edouard Absinthe,,Rinse,Rocks
Statesman,Beefeater 24 Gin,2oz,Build,Coupe
Statesman,Regan's Orange Bitters,1dash,Build,Coupe
Statesman,Green Chartreuse,1barspoon,Build,Coupe
Statesman,Lemon Twist,1,Garnish,Coupe
Statesman,Rothman & Winter Orchard Pear,.5oz,Build,Coupe
Swiss Mist,Plymouth Gin,2oz,Build,Egg Coupe
Swiss Mist,Egg White,1,Build,Egg Coupe
Swiss Mist,Kubler Absinthe,1,Spritz,Egg Coupe
Swiss Mist,Grapefruit Syrup,.75oz,Build,Egg Coupe
Swiss Mist,Lemon Juice,.75oz,Build,Egg Coupe
Swollen Gland,Peychaud's Bitters,4dashes,Build,Coupe
Swollen Gland,Berkshire Mountain Distillers' Greylock Gin,2oz,Build,Coupe
Swollen Gland,Cucumber Ribbon,1,Garnish,Coupe
Swollen Gland,Orange Juice,.5oz,Build,Coupe
Swollen Gland,Yellow Chartreuse,.25oz,Build,Coupe
Swollen Gland,Vieux Pontarlier Absinthe,,Rinse,Coupe
T&T,Angostura Bitters,2dashes,Build,Coupe
T&T,Siembra Azul Blanco Tequila,1oz,Build,Coupe
T&T,Sombra Mezcal,1oz,Build,Coupe
T&T,Tamarind Puree,1.5oz,Build,Coupe
T&T,Orange Twist,1,Garnish,Coupe
T&T,Benedictine,.5oz,Build,Coupe
Talbott Leaf,Mint Leaf,6,Muddle,Coupe
Talbott Leaf,Old Grand-Dad Bonded Bourbon,2oz,Build,Coupe
Talbott Leaf,Bonne Maman Strawberry Preserves,1barspoon,Build,Coupe
Talbott Leaf,Mint Leaf,1,Garnish,Coupe
Talbott Leaf,Lemon Juice,.75oz,Build,Coupe
Talbott Leaf,Green Chartreuse,.5oz,Build,Coupe
Talbott Leaf,Cynar,.25oz,Build,Coupe
Tao of Pooh,Liquiteria Coconut Water,2oz,Build,Coupe
Tao of Pooh,The Bitter Truth Lemon Bitters,2dashes,Build,Coupe
Tao of Pooh,42 Below Manuka Honey Vodka,1.5oz,Build,Coupe
Tao of Pooh,Galliano L'Autentico,.25oz,Build,Coupe
There Will Be Blood,Old Grand-Dad Bonded Bourbon,2oz,Build,Coupe
There Will Be Blood,Flamed Orange Twist,1,Garnish,Coupe
There Will Be Blood,Blood Orange Juice,.75oz,Build,Coupe
There Will Be Blood,Godiva Original Liqueur,.75oz,Build,Coupe
Tipperary Cocktail,Black Bush Irish Whiskey,2oz,Build,Coupe
Tipperary Cocktail,Carpano Antica Sweet Vermouth,1oz,Build,Coupe
Tipperary Cocktail,Green Chartreuse,,Rinse,Coupe
Ti-Punch,Neisson Rhum Reserve Speciale,2oz,Build,Rocks
Ti-Punch,Martinique Sugar Cane Syrup,1barspoon,Build,Rocks
Ti-Punch,Lime Disc,1,Build,Rocks
Tom Collins,Club Soda,2oz,Top,Collins glass
Tom Collins,Hayman's Old Tom Gin,2oz,Build,Collins glass
Tom Collins,Lemon Wedge,1,Garnish,Collins glass
Tom Collins,Lemon Juice,.75oz,Build,Collins glass
Tom Collins,Simple Syrup,.5oz,Build,Collins glass
Tommy's Margarita,L & J Blanco Tequila,2oz,Build,Rocks
Tommy's Margarita,Agave Syrup,1oz,Build,Rocks
Tommy's Margarita,Lime Juice,1oz,Build,Rocks
Triborough,Wild Turkey Rye Whiskey,2oz,Build,Rocks
Triborough,Angostura Bitters,1dash,Build,Rocks
Triborough,Orange Twist,1,Garnish,Rocks
Triborough,Amaro Ciociaro,.5oz,Build,Rocks
Triborough,Clear Creek Kirschwasser,.5oz,Build,Rocks
Triborough,Punt e Mes,.5oz,Build,Rocks
Trident,Fee Brothers Peach Bitters,2dashes,Build,Coupe
Trident,Krogstad Aquavit,1.5oz,Build,Coupe
Trident,Lustau Manzanilla Sherry,1.5oz,Build,Coupe
Trident,Lemon Twist,1,Garnish,Coupe
Trident,Cynar,.75oz,Build,Coupe
Tuxedo,Plymouth Gin,2oz,Build,Coupe
Tuxedo,House Orange Bitters,2dashes,Build,Coupe
Tuxedo,Dolin Dry Vermouth,1.5oz,Build,Coupe
Tuxedo,Cherry,1,Garnish,Coupe
Tuxedo,Lemon Twist,1,Garnish,Coupe
Tuxedo,Luxardo Maraschino Liqueur,.25oz,Build,Coupe
Tuxedo,Vieux Pontarlier Absinthe,,Rinse,Coupe
Up to Date,Wild Turkey Rye Whiskey,2oz,Build,Coupe
Up to Date,Angostura Bitters,2dashes,Build,Coupe
Up to Date,Lemon Twist,1,Garnish,Coupe
Up to Date,Lustau Manzanilla Sherry,.75oz,Build,Coupe
Up to Date,Grand Marnier,.5oz,Build,Coupe
Vaccari,The Bitter Truth Grapefruit Bitters,1dash,Build,Rocks
Vaccari,The Bitter Truth Lemon Bitters,1dash,Build,Rocks
Vaccari,Chamomile-Infused Compass Box Asyla Blended Scotch Whisky,1.5oz,Build,Rocks
Vaccari,Grapefruit Twist,1,Garnish,Rocks
Vaccari,Dolin Dry Vermouth,.75oz,Build,Rocks
Vaccari,Galliano L'Autentico,.5oz,Build,Rocks
Vauvert Slim,Mint Leaf,6,Muddle,Egg Coupe
Vauvert Slim,Grapefruit Juice,2oz,Build,Egg Coupe
Vauvert Slim,Green Chartreuse,1oz,Build,Egg Coupe
Vauvert Slim,Egg White,1,Build,Egg Coupe
Vauvert Slim,Mint Leaf,1,Garnish,Egg Coupe
Vauvert Slim,Lime Juice,.5oz,Build,Egg Coupe
Vauvert Slim,Laphroaig 10-Year-Old Single Malt Scotch,,Rinse,Egg Coupe
Velvet Club,Hine V.S.O.P. Cognac,1oz,Build,Coupe
Velvet Club,Moet Imperial Champagne,1oz,Top,Coupe
Velvet Club,Lillet Blanc,.5oz,Build,Coupe
Velvet Club,Marie Brizard White Creme de Cacao,.5oz,Build,Coupe
Vesper,Plymouth Gin,2.25oz,Build,Coupe
Vesper,Lemon Twist,1,Garnish,Coupe
Vesper,Belvedere Vodka,.75oz,Build,Coupe
Vesper,Lillet Blanc,.5oz,Build,Coupe
Vieux Carre,Carpano Antica Sweet Vermouth,1oz,Build,Rocks
Vieux Carre,Hine V.S.O.P. Cognac,1oz,Build,Rocks
Vieux Carre,Sazerac 6-Year-Old Rye Whiskey,1oz,Build,Rocks
Vieux Carre,Angostura Bitters,1dash,Build,Rocks
Vieux Carre,Peychaud's Bitters,1dash,Build,Rocks
Vieux Carre,Benedictine,.25oz,Build,Rocks
Vieux Mot,Plymouth Gin,1.5oz,Build,Coupe
Vieux Mot,Lemon Juice,.75oz,Build,Coupe
Vieux Mot,Simple Syrup,.5oz,Build,Coupe
Vieux Mot,St. Germain Elderflower Liqueur,.5oz,Build,Coupe
Ward Eight,Rittenhouse Bonded Rye Whiskey,2oz,Build,Coupe
Ward Eight,Al Wadi Pomegranate Molasses,1barspoon,Build,Coupe
Ward Eight,Lemon Juice,.5oz,Build,Coupe
Ward Eight,Orange Juice,.5oz,Build,Coupe
Ward Eight,Simple Syrup,.25oz,Build,Coupe
Water Lily,Orange Twist,1,Garnish,Coupe
Water Lily,Cointreau,.75oz,Build,Coupe
Water Lily,Lemon Juice,.75oz,Build,Coupe
Water Lily,Plymouth Gin,.75oz,Build,Coupe
Water Lily,Rothman & Winter Creme de Violette,.75oz,Build,Coupe
Weeski,Jameson 12-Year-Old Irish Whiskey,2oz,Build,Coupe
Weeski,House Orange Bitters,2dashes,Build,Coupe
Weeski,Orange Twist,1,Garnish,Coupe
Weeski,Lillet Blanc,.75oz,Build,Coupe
Weeski,Cointreau,.5oz,Build,Coupe
Wellington Fizz,Diluted Aftel Bergamot Essence,3,Spritz,Collins
Wellington Fizz,42 Below Kiwi Vodka,2oz,Build,Collins
Wellington Fizz,Heavy Cream,1oz,Build,Collins
Wellington Fizz,Club Soda,1,Top,Collins
Wellington Fizz,Egg White,1,Build,Collins
Wellington Fizz,Lime Juice,.75oz,Build,Collins
Wellington Fizz,Boiron Passion Fruit Puree,.5oz,Build,Collins
Wellington Fizz,Kassatly Chtaura Orgeat,.5oz,Build,Collins
Whiskey Smash,Mint Leaf,6,Muddle,Rocks
Whiskey Smash,Lemon Wedge,3,Muddle,Rocks
Whiskey Smash,Rittenhouse Bonded Rye Whiskey,2oz,Build,Rocks
Whiskey Smash,Mint Leaf,1,Garnish,Rocks
Whiskey Smash,Simple Syrup,.75oz,Build,Rocks
White Birch Fizz,Club Soda,2oz,Top,Collins
White Birch Fizz,Plymouth Gin,1.5oz,Build,Collins
White Birch Fizz,Egg White,1,Build,Collins
White Birch Fizz,Suze,1,Spritz,Collins
White Birch Fizz,Lemon Juice,.75oz,Build,Collins
White Birch Fizz,Rothman & Winter Orchard Apricot,.5oz,Build,Collins
White Birch Fizz,Strega,.5oz,Build,Collins
White Lady,Beefeater Gin,2oz,Build,Egg Coupe
White Lady,Egg White,1,Build,Egg Coupe
White Lady,Cointreau,.75oz,Build,Egg Coupe
White Lady,Lemon Juice,.75oz,Build,Egg Coupe
White Lady,Simple Syrup,.25oz,Build,Egg Coupe
White Negroni,Plymouth Gin,2oz,Build,Coupe
White Negroni,Lillet Blanc,1oz,Build,Coupe
White Negroni,Lemon Twist,1,Garnish,Coupe
White Negroni,Suze,.75oz,Build,Coupe
Widow's Kiss,Laird's Bonded Apple Brandy,2oz,Build,Coupe
Widow's Kiss,Angostura Bitters,2dashes,Build,Coupe
Widow's Kiss,Benedictine,.25oz,Build,Coupe
Widow's Kiss,Yellow Chartreuse,.25oz,Build,Coupe
Witch's Kiss,Jose Cuervo Platino Tequila,2oz,Build,Coupe
Witch's Kiss,Red Jacket Orchards Apple Butter,1barspoon,Build,Coupe
Witch's Kiss,Lemon Twist,1,Garnish,Coupe
Witch's Kiss,Lemon Juice,.75oz,Build,Coupe
Witch's Kiss,Strega,.5oz,Build,Coupe
Woolworth,Compass Box Asyla Blended Scotch Whisky,2oz,Build,Coupe
Woolworth,House Orange Bitters,2dashes,Build,Coupe
Woolworth,Lustau Manzanilla Sherry,1oz,Build,Coupe
Woolworth,Lemon Twist,1,Garnish,Coupe
Woolworth,Benedictine,.5oz,Build,Coupe
Wrong Aisle,Laird's Bonded Apple Brandy,2oz,Build,Coupe
Wrong Aisle,Lillet Rouge,1oz,Build,Coupe
Wrong Aisle,Apple Fan,1,Garnish,Coupe
Wrong Aisle,Pinch Grated Nutmeg,1,Garnish,Coupe
Wrong Aisle,Quince Shrubb (Huilerie Beaujolaise Vinaigre de Coing),.25oz,Build,Coupe
Wrong Aisle,St. Germain Elderflower Liqueur,,Rinse,Coupe
Zombie Punch,Lemon Hart Overproof Rum,1oz,Build,Tiki Mug
Zombie Punch,Angostura Bitters,1dash,Build,Tiki Mug
Zombie Punch,House Grenadine,1barspoon,Build,Tiki Mug
Zombie Punch,Vieux Pontarlier Absinthe,1/8 tsp,Build,Tiki Mug
Zombie Punch,Appleton Estate Reserve Rum,1.5oz,Build,Tiki Mug
Zombie Punch,Bacardi 8 Rum,1.5oz,Build,Tiki Mug
Zombie Punch,Mint Sprig,1,Garnish,Tiki Mug
Zombie Punch,Lime Juice,.75oz,Build,Tiki Mug
Zombie Punch,John D. Taylor's Velvet Falernum,.5oz,Build,Tiki Mug
Zombie Punch,Trader Tiki's Don's Mix,.5oz,Build,Tiki Mug
