Ingredient,PDT Cocktail,,Notes
,Name,Page,
Absinthe,Absinthe Drip,46,Vieux Pontarlier
,Black Thorn (Irish),70,"rinse, St. George"
,Chrysanthemum,89,Vieux Pontarlier
,Corpse Reviver No.2,97,"rinse, Vieux Pontarlier"
,De la Louisiane,103,St. George
,El Burro,115,Vieux Pontarlier
,Golden Star Fizz,134,"rinse, St. George"
,Green Deacon,136,"rinse, St. George"
,Improved Whiskey Cocktail,149,"rinse, Vieux Pontarlier"
,Judgment Day,152,"rinse, Pernod"
,Monkey Gland,182,"rinse, Vieux Pontarlier"
,Paddington,199,"rinse, St. George"
,Primavera,211,"rinse, St. George"
,Rapscallion,215,"rinse, St. George"
,Rattlesnake,216,"rinse, Vieux Pontarlier"
,Sazerac,234,"rinse, Vieux Pontarlier"
,Shiso Malt Sour,236,Vieux Pontarlier
,Staggerac,245,"rinse, Edouard"
,Swiss Mist,248,"spritz, Kubler"
,Swollen Gland,249,"rinse, Vieux Pontarlier"
,Tuxedo,257,"rinse, Vieux Pontarlier"
,Zombie Punch,271,Vieux Pontarlier
Allspice Dram,El Molino,116,St. Elizabeth
,Girl From Jerez,133,St. Elizabeth
,Judgment Day,152,St. Elizabeth
,Remember Maine,219,St. Elizabeth
Amaro Ciociaro,Bizet,66,
,Donizetti,107,
,Lacrimosa,157,
,Triborough,253,
Amer Picon,Brooklyn,78,Jamie Boudreau's replica
Aperol,212,43,
,Aperol Spritz,51,
,Archangel,56,
,Cuzco,101,
,Dewey D.,105,
,Eclipse Cocktail,113,
,Foreign Legion,124,
,May Day,176,
,Melon Stand,176,
,South Slope,244,
Apricot Liqueur,Against All Odds,46,Rothman & Winter
,Apricot Flip,53,Rothman & Winter
,Beachbum,57,Rothman & Winter
,Bubbaloo,81,Rothman & Winter
,Donizetti,107,Rothman & Winter
,Hotel Nacional Special,146,Rothman & Winter
,Leapfrog,163,Rothman & Winter
,White Birch Fizz,265,Rothman & Winter
Averna Amaro,Gilchrist,130,
Aquavit,Blackbeard,67,Krogstad
,Golden Star Fizz,134,Krogstad
,Occidental,195,Linie
,Primavera,211,Krogstad
,Silk Road,238,"black seasame-infused, Krogstad"
,Trident,253,Krogstad
Bärenjäger Honey Liqueur,#8,42,
,Bee's Sip,60,
,King Bee,155,
Batavia Arrack,Henry Hudson,143,van Oosten
,Rack & Rye,214,van Oosten
"Beer, Pilsner",Beer and Smoke,58,Victory
"Beer, Pumpkin",Great Pumpkin,136,Southampton
"Beer, Stout",Black Flip,67,Brooklyn Black Chocolate
"Beer, Raspberry",Frambroise Fizz,124,Oud Beersel Frambroise
"Beer, White",Newfangled,190,Southampton
Bénédictine,Bobby Burns,74,
,Caprice,84,
,Chrysanthemum,89,
,Condiment Cocktail,94,
,De la Louisiane,103,
,Frisco,129,
,Harvest Sling,140,
,Honeymoon Cocktail,143,
,Hotel d'Alsace,146,
,Junior,154,
,King Bee,155,
,L.E.S. Globetrotter,167,
,Montgomery Smith,182,
,Nouveau Carré,193,
,Singapore Sling,241,
,T&T,256,
,Vieux Carré,262,
,Widow's Kiss,268,
,Woolworth,270,
"Bitters, Abbott's",Harvest Moon,139,
"Bitters, Angostura",Benton's Old-Fashioned,62,
,Betsy Ross,64,
,Black Thorn (Irish),70,
,Chamagne Cocktail,86,
,Champs Élysées,87,
,Chien Chaud,89,
,Dewey D.,105,
,Figetaboutit,120,
,Greenpoint,138,
,Improved Whiskey Cocktail,149,
,Japanese Cocktail,151,
,Jimmie Roosevelt,151,
,Junior,154,
,Little Bit Country,167,
,Luau,168,
,Manhattan,171,
,Newfangled,190,
,Nouveau Sangaree,193,
,Old-Fashioned Whiskey Cocktail,195,
,Pisco Sour,209,
,Prince of Wales,212,
,Pumpkin Toddy,212,
,Professor,213,
,Queens Park Swizzle,214,
,Rack & Rye,214,
,Remember Maine,219,
,Reverend Palmer,223,
,Rhum Club,224,
,Rob Roy,228,
,Rosita,229,
,Rust Belt,230,
,Sazerac,234,
,Seelbach Cocktail,234,
,Silk Road,238,
,Singapore Sling,241,
,Smoky Grove,243,
,Staggerac,245,
,Triborough,253,
,T&T,256,
,Up to Date,258,
,Vieux Carré,262,
,Widow's Kiss,268,
,Zombie Punch,271,
"Bitters, Boker's",Martinez,173,Dr. Adam Elmegirab's
"Bitters, Celery",Beer and Smoke,58,Bitter Truth
,Condiment Cocktail,94,Bitter Truth
,Ephemeral,117,Bitter Truth
"Bitters, Barrel-Aged",Nigori Milk Punch,191,Feldman's
"Bitters, Jerry Thomas",Johnny Apple Collins,152,Bitter Truth
"Bitters, Lemon",Dry County Cocktail,107,Bitter Truth
,Kina Miele,155,Bitter Truth
,Tao of Pooh,250,Bitter Truth
,Vaccari,259,Bitter Truth
"Bitters, Old Fashion",100 Year Punch,45,Fee Brothers
"Bitters, Orange",Albert Mathieu,49,Housemade (50/50 Fee Brothers/Regan's No. 6)
,Astoria Bianca,56,Housemade (50/50 Fee Brothers/Regan's No. 6)
,Bijou,66,Housemade (50/50 Fee Brothers/Regan's No. 6)
,Blackthorn (English),70,Housemade (50/50 Fee Brothers/Regan's No. 6)
,Caprice,84,Housemade (50/50 Fee Brothers/Regan's No. 6)
,Cavalier,86,Housemade (50/50 Fee Brothers/Regan's No. 6)
,Chrysanthemum,89,Housemade (50/50 Fee Brothers/Regan's No. 6)
,Conquistador,96,Housemade (50/50 Fee Brothers/Regan's No. 6)
,East India Company,111,Housemade (50/50 Fee Brothers/Regan's No. 6)
,Leapfrog,163,Housemade (50/50 Fee Brothers/Regan's No. 6)
,Little Bit Country,167,Housemade (50/50 Fee Brothers/Regan's No. 6)
,Norman Inversion,192,Housemade (50/50 Fee Brothers/Regan's No. 6)
,Opera Cocktail,198,Housemade (50/50 Fee Brothers/Regan's No. 6)
,Paddy Wallbanger,199,Housemade (50/50 Fee Brothers/Regan's No. 6)
,Prince Edward,211,Housemade (50/50 Fee Brothers/Regan's No. 6)
,Professor,213,Housemade (50/50 Fee Brothers/Regan's No. 6)
,Rack & Rye,214,Housemade (50/50 Fee Brothers/Regan's No. 6)
,Rhum Club,224,Housemade (50/50 Fee Brothers/Regan's No. 6)
,Rye Witch,232,Housemade (50/50 Fee Brothers/Regan's No. 6)
,Shaddock Rose,235,Housemade (50/50 Fee Brothers/Regan's No. 6)
,Smoky Grove,243,Housemade (50/50 Fee Brothers/Regan's No. 6)
,Statesman,247,Housemade (50/50 Fee Brothers/Regan's No. 6)
,Tuxedo,257,Housemade (50/50 Fee Brothers/Regan's No. 6)
,Weeski,264,Housemade (50/50 Fee Brothers/Regan's No. 6)
,Woolworth,270,Housemade (50/50 Fee Brothers/Regan's No. 6)
"Bitters, Grapefruit",Gilchrist,130,Fee Brothers
,Vaccari,259,Bitter Truth
"Bitters, Peach",Trident,253,Fee Brothers
"Bitters, Peruvian Amargo",Bubbaloo,81,
"Bitters, Peychaud's",De la Louisiane,103,
,Deshler,105,
,Falling Leaves,119,
,Masataka Swizzle,174,
,New Amsterdam,188,
,Nouveau Carré,193,
,Queens Park Swizzle,214,
,Red-Headed Saint,219,
,Sazerac,234,
,Seelbach Cocktail,234,
,Shaddock Rose,235,
,Silk Road,238,
,Staggerac,245,
,Swollen Gland,249,
,Vieux Carré,262,
"Bitters, Rhubarb",Foreign Legion,124,Fee Brothers
,May Day,176,Fee Brothers
"Bitters, Verbena",Red-Headed Saint,219,A.B. Smeby
"Bitters, Whiskey Barrel Aged",Nth Degree,194,Fee Brothers
,Red Devil,217,Fee Brothers
,Wrong Aisle,271,Fee Brothers
"Bitters, Xocolatl Mole",Left Hand Cocktail,164,Bittermens
,Plátanos en Mole Old Fashioned,209,Bittermens
"Brandy, Apple",Applejack Rabbit,52,Laird's Bonded
,Diamondback,106,Laird's Bonded
,Great Pumpkin,136,Laird's Bonded
,Harvest Moon,139,Laird's Bonded
,Harvest Sling,140,Laird's Bonded
,Honeymoon Cocktail,143,Laird's Bonded
,Jack Rose,149,Laird's Bonded
,Master Cleanse,175,Laird's Bonded
,Newark,189,Laird's Bonded
,Nouveau Sangaree,193,Laird's Bonded
,Nth Degree,194,Laird's Bonded
,Persephone,207,Laird's Applejack
,Pink Lady,208,Laird's Applejack
,Pumpkin Toddy,212,Laird's Bonded
,Solstice,243,Laird's Bonded
,Widow's Kiss,268,Laird's Bonded
,Wrong Aisle,271,Laird's Bonded
"Brandy, Cognac",#3 Cup,42,Hine VSOP
,Apricot Flip,53,Hine VSOP
,Betsy Ross,64,Pierre Ferrand Ambre
,Black Jack,68,Pierre Ferrand Ambre
,Brandy Crusta,74,Hine VSOP
,Buona Notte,82,"walnut-infused, Hine VSOP"
,Cavalier,86,Hine VSOP
,Champs Élysées,87,Hine VSOP
,Coffee Cocktail,95,Martell VSOP
,East India Cocktail,111,Martell VSOP
,Field Cocktail,119,Pierre Ferrand Ambre
,Fish House Punch,120,Pierre Ferrand Ambre
,Fog Cutter,123,Hine VSOP
,French Maid,128,Hine VSOP
,Imperial Blueberry Fizz,147,Hine VSOP
,Japanese Cocktail,151,Hine VSOP
,Jimmie Roosevelt,151,Rémy Martin VSOP
,L.E.S. Globetrotter,167,Hine VSOP
,May Daisy,175,Hine VSOP
,Midnight Express,179,"walnut-infused, Hine VSOP"
,Milk Punch,180,Pierre Ferrand Ambre
,Montgomery Smith,182,Hine VSOP
,Nigori Milk Punch,191,Hine VSOP
,Prince of Wales,212,Hine VSOP
,Sidecar,236,Rémy Martin VSOP
,Velvet Club,260,Hine VSOP
,Vieux Carré,262,Hine VSOP
"Brandy, Jerez",Mount Vernon,186,Gran Duque d'Alba
"Brandy, Pear",Falling Leaves,119,Clear Creek
,Gilchrist,130,Clear Creek
,Kina Miele,155,Clear Creek
,Perfect Pear,205,Clear Creek
"Brandy, Pisco",Bee's Sip,60,"chamomile-infused, Barsol Quebranta"
,Bubbaloo,81,Macchu
,Cuzco,101,Barsol Quebranta
,Hot Buttered Pisco,144,"spice-infused, Macchu"
,Judgment Day,152,Macchu
,King Bee,155,Barsol Quebranta
,Pisco Sour,209,La Diablada
"Brandy, Plum",Flying Dutchman,123,Clear Creek
,Left Coast,165,Clear Creek
,St. Rita,247,Clear Creek
"Brine, Pickled Ramp",Rite of Spring,227,
"Butter, Apple",Witch's Kiss,268,
"Butter, Vanilla",Hot Buttered Pisco,144,
Cachaça,Brazilian Tea Punch,76,"green tea-infused, Leblon"
,Caipirinha,84,Beleza Pura
,Girl From Jerez,133,Mãe de Ouro
,Morango Fizz,183,"strawberry-infused, Mãe de Ouro"
,Pearl Button,204,Mãe de Ouro
,Red-Headed Saint,219,Beleza Pura
,Rio Bravo,226,Sagatiba
Campari,Americano Highball,49,
,Left Hand Cocktail,164,
,Negroni,188,
,Old Pal,198,
,Romeo y Julieta,228,
,Rosita,229,
,Siesta,237,
"Chartreuse, Green",Albert Mathieu,49,
,Bijou,66,
,Champs Élysées,87,
,Green Harvest,137,
,Harvest Moon,139,
,Jimmie Roosevelt,151,
,Last Word,162,
,Lawn Dart,162,
,May Daisy,175,
,Nth Degree,194,
,Old Flame,197,flaming
,Statesman,247,
,Talbott Leaf,249,
,Tipperary Cocktail,251,rinse
,Vauvert Slim,260,
"Chartreuse, Yellow",Chien Chaud,89,
,Cloister,92,
,Diamondback,106,
,East Village Athletic Club Cocktail,112,
,Greenpoint,138,
,Japanese Courage,150,
,Koyo,157,
,La Louche,159,
,Lion's Tooth,166,
,Pearl of Puebla,205,
,Red-Headed Saint,219,
,Resting Point,222,
,Swollen Gland,249,
,Widow's Kiss,268,
Cherry Heering,#3 Cup,42,
,Blood and Sand,73,
,Death Bed,102,
,Eclipse Cocktail,113,
,Harvest Sling,140,
,Mount Vernon,186,
,Remember the Maine,218,
,Singapore Sling,241,
"Cider, Apple",Apple Malt Toddy,53,
,Mum's Apple Pie,187,
,Norman Inversion,192,sparkling
,Remember Maine,219,
Cocchi Americano,Kina Miele,155,
Cointreau,Cavalier,86,
,Corpse Reviver No.2,97,
,Deshler,105,
,Hotel d'Alsace,146,
,Margarita,171,
,Primavera,211,
,Royal Bermuda Yachtclub Cocktail,231,
,Seelbach Cocktail,234,
,Sidecar,236,
,Singapore Sling,241,
,Water Lily,263,
,Weeski,264,
,White Lady,267,
Coffee,Midnight Express,179,
"Cordial, Grapefruit",Shaddock Rose,235,
"Coridal, Lime",Gimlet,131,
"Cream, Heavy",Dulce de Leche,110,
,New York Flip,190,
,Ramos Gin Fizz,215,
,Wellington Fizz,264,
Crème de Banane,Plátanos en Mole Old Fashioned,209,Marie Brizard
Crème de Cacao,20th Century,44,Marie Brizard White
,El Molino,116,Mare Brizard White
,Foreign Legion,124,Marie Brizard Dark
,Frambroise Fizz,124,Marie Brizard White
,La Florida Cocktail,158,Marie Brizard White
,Velvet Club,260,Marie Brizard White
Crème de Cassis,El Diablo,115,Theuriet
Crème de Mandarine,Opera Cocktail,198,Mandarin Napoleon
Crème de Violette,Águila Azteca,48,Rothman & Winter
,Aviation,57,Rothman & Winter
,Flying Dutchman,123,Creme Yvette
,Imperial Blueberry Fizz,147,Creme Yvette
,Left Coast,165,Rothman & Winter
,Water Lily,263,Rothman & Winter
"Curaçao, Orange",#3 Cup,42,Marie Brizard
,Brandy Crusta,74,Marie Brizard
,East India Cocktail,111,Marie Brizard
,Falling Leaves,119,Marie Brizard
,Honeymoon Cocktail,143,Marie Brizard
,Mai-Tai,168,Marie Brizard
,South Slope,244,Marie Brizard
Cynar,Berlioni,63,
,Heirloom,140,
,Koyo,157,
,Talbott Leaf,249,
,Trident,253,
Drambuie,Lake George,158,
,Prince Edward,211,
,Rusty Nail,231,
Dubonnet Rouge,Deshler,105,
,Duboudreau Cocktail,110,
,Foreign Legion,124,
,Koyo,157,
,Opera Cocktail,198,
,Single Malt Sangaree,241,
,Solstice,243,
Eau de Vie,Raspberries Reaching,216,
"Egg, White",Clover Club,92,
,Frankfort Rose,126,
,Morango Fizz,183,
,Old Flame,197,
,Pink Lady,208,
,Pisco Sour,209,
,Ramos Gin Fizz,215,
,Rattlesnake,216,
,Rust Belt,230,
,Shiso Malt Sour,236,
,Silver Lining,239,
,Silver Root Beer Fizz,239,
,Silver Sangaree,240,
,Swiss Mist,248,
,Vauvert Slim,260,
,Wellington Fizz,264,
,White Birch Fizz,265,
,White Lady,267,
"Egg, Whole",Apricot Flip,53,
,Black Flip,67,
,Coda,94,
,Coffee Cocktail,95,
,Dulce de Leche,110,
,Great Pumpkin,136,
,Mae West Royal Diamond Fizz,169,
"Egg, Yolk",New York Flip,190,
Elderflower Liqueur,Albert Mathieu,49,St-Germain
,Duboudreau Cocktail,110,St-Germain
,El Puente,117,St-Germain
,Ephemeral,117,St-Germain
,Judgment Day,152,St-Germain
,Kin Kan,156,St-Germain (rinse)
,Koyo,157,St-Germain (rinse)
,Le Père Bis,165,St-Germain
,Lion's Tooth,166,St-Germain
,Vieux Mot,261,St-Germain
,Wrong Aisle,271,"rinse, St-Germain"
Espresso Liqueur,Espresso Bongo,118,Illy
"Essence, Bergamot",Wellington Fizz,264,Aftel
"Essence, Clove",Spice Market,245,Aftel
"Essence, Tobacco",Romeo y Julieta,228,Aftel
Falernum,Flora Astoria,121,John D. Taylor's Velvet
,French Maid,128,John D. Taylor's Velvet
,Royal Bermuda Yachtclub Cocktail,231,John D. Taylor's Velvet
,Spice Market,245,John D. Taylor's Velvet
,Zombie Punch,271,John D. Taylor's Velvet
Fernet-Branca,Duboudreau Cocktail,110,
,Hanky Panky,138,
,Montgomery Smith,182,
,Newark,189,
,Occidental,195,rinse
Galliano l'Autentico,Brewer's Breakfast,78,
,Nigori Milk Punch,191,
,Paddy Wallbanger,199,
,Rust Belt,230,
,Tao of Pooh,250,
,Vaccari,259,
Genever,Flying Dutchman,123,Bols
,Henry Hudson,143,Bols
,Japanese Courage,150,Bols
,Left Coast,165,Anchor Genevieve
,New Amsterdam,188,Bols
,Red Devil,217,Bols
"Gin, London Dry",Astoria Bianca,56,Tanqueray
,Aviation,57,Beefeater
,Berlioni,63,Tanqueray
,Bijou,66,Tanqueray
,Blackbeard,67,Beefeater
,Blackthorn Rose,72,Hendrick's
,Bronx,79,Beefeater
,Caprice,84,Beefeater
,Cloister,92,Tanqueray
,Cranberry Cobbler,98,Beefeater
,Donizetti,107,Tanqueray
,Flora Astoria,121,Hendrick's
,Fog Cutter,123,Tanqueray
,French 75,127,Tanqueray
,Gin & Tonic,132,Tanqueray
,Hanky Panky,138,Beefeater
,Kin Kan,156,Beefeater
,La Louche,159,Hendrick's
,Last Word,162,Tanqueray
,Lawn Dart,162,Tanqueray
,Monkey Gland,182,Beefeater
,Negroni,188,Beefeater
,Noce Royale,191,Beefeater
,Norman Inversion,192,Aviation
,Paul's Club Cocktail,203,Tanqueray
,Ramos Gin Fizz,215,Beefeater
,Rite of Spring,227,Tanqueray
,Shiso Delicious,235,Aviation
,South Slope,244,Beefeater
,Spice Market,245,Beefeater 24
,Statesman,247,Beefeater 24
,Swollen Gland,249,Berkshire Mountain Distillers' Greylock
,White Lady,267,Beefeater
"Gin, Old Tom",Ephemeral,117,Ransom
,Heirloom,140,Hayman's
,Martinez,173,Hayman's
,Tom Collins,252,Hayman's
"Gin, Plymouth",20th Century,44,
,Albert Mathieu,49,
,Archangel,56,
,Bee's Knees,59,
,Blackthorn (English),70,
,Cherry Pop,87,
,Clover Club,92,
,Corpse Reviver No.2,97,
,Desert Rose,104,rose-infused
,Edgewood,113,
,Gimlet,131,
,Green Deacon,136,
,Leapfrog,163,
,Martini,173,
,May Day,176,
,Melon Stand,176,
,Old Flame,197,
,Old Maid,197,
,Opera Cocktail,198,
,Pink Lady,208,
,Singapore Sling,241,
,Sloe Gin Fizz,242,
,Southside,244,
,Swiss Mist,248,
,Tuxedo,257,
,Vesper,261,
,Vieux Mot,261,
,Water Lily,263,
,White Birch Fizz,265,
,White Negroni,267,
"Gin, Sloe",Blackthorn (English),70,Plymouth
,Blackthorn (Rose),72,Plymouth
,Green Deacon,136,Plymouth
,Noce Royale,191,Plymouth
,Nouveau Sangaree,193,Plymouth
,Persephone,207,Plymouth
,Sloe Gin Fizz,242,Plymouth
Ginger Ale,Pimms Cup,207,
Ginger Beer,#3 Cup,42,
,El Burro,115,
,El Diablo,115,
,French Maid,128,
,Harvest Sling,140,
,Mezcal Mule,178,
,Moscow Mule,186,
,Sage Old Buck,232,
Ginger Liqueur,Águila Azteca,48,Canton
,Crimson Tide,100,Canton
,Dry County Cocktail,107,Canton
,Japanese Courage,150,Canton
Godiva Original Liqueur,There Will Be Blood,250,
Gran Classico Bitter,Mexicano,178,
Grand Marnier,Betsy Ross,64,
,East Village Athletic Club Cocktail,112,
,Occidental,195,
,Prince of Wales,212,
,Rhubarbarita,224,
,Single Malt Sangaree,241,
,Up to Date,258,
Grenadine,Jack Rose,149,
,La Florida Cocktail,158,
,Mae West Royal Diamond Fizz,169,
,Mary Pickford,174,
,Pharoaoh Cooler,206,
,Pink Lady,208,
,Rhubarbarita,224,
,Singapore Sling,241,
,Solstice,243,
,Ward Eight,263,
,Zombie Punch,271,
Horchata,Cafe Arroz,83,
"Juice, Blood Orange",There Will Be Blood,250,
"Juice, Grapefruit",212,43,
,Blackstar,69,
,Blinker,72,
,Brown Derby,81,
,Cloister,92,
,Cuzco,101,
,Edgewood,113,
,El Puente,117,
,Gilchrist,130,
,Green Deacon,136,
,Hemingway Daiquiri,141,
,Mae West Royal Diamond Fizz,169,
,Mount Vernon,186,
,Navy Grog,187,
,Norman Inversion,192,
,Paddington,199,
,Shiso Delicious,235,
,Siesta,237,
,Vauvert Slim,260,
"Juice, Honeydew Melon",Águila Azteca,48,
"Juice, Lemon",#3 Cup,42,
,20th Century,44,
,21st Century,44,
,Applejack Rabbit,52,
,Aviation,57,
,Bee's Knees,59,
,Betula,65,
,Blackbeard,67,
,Brandy Crusta,74,
,Cameron's Kick,85,
,Cavalier,86,
,Champs Élysées,87,
,Cherry Pop,87,
,Cloister,92,
,Clover Club,92,
,Conquistador,96,
,Corpse Reviver No.2,97,
,Cuzco,101,
,Desert Rose,104,
,East Village Athletic Club Cocktail,112,
,Eclipse Cocktail,113,
,El Diablo,115,
,Figetaboutit,120,
,Fish House Punch,120,
,Flying Dutchman,123,
,Fog Cutter,123,
,Frambroise Fizz,124,
,Frankfort Rose,126,
,French 75,127,
,Golden Star Fizz,134,
,Gold Rush,134,
,Harvest Sling,140,
,Henry Hudson,143,
,Honeymoon Cocktail,143,
,Jack Rose,149,
,Johnny Apple Collins,152,
,Judgment Day,152,
,King Bee,155,
,Kin Kan,156,
,Lake George,158,
,La Louche,159,
,Leapfrog,163,
,Left Coast,165,
,Little Bit Country,167,
,Mariner,172,
,Masataka Swizzle,174,
,Master Cleanse,175,
,May Daisy,175,
,May Day,176,
,Melon Stand,176,
,Morango Fizz,183,
,Mum's Apple Pie,187,
,Noval Cup,194,
,Old Flame,197,
,Paddington,199,
,Parkside Fizz,202,
,Perfect Pear,205,
,Persephone,207,
,Pimms Cup,207,
,Pink Lady,208,
,Primavera,211,
,Pumpkin Toddy,212,
,Ramos Gin Fizz,215,
,Rattlesnake,216,
,Resting Point,222,
,Rhubarbarita,224,
,Rust Belt,230,
,Sage Old Buck,232,
,Shiso Delicious,235,
,Sidecar,236,
,Silver Lining,239,
,Silver Root Beer Fizz,239,
,Silver Sangaree,240,
,Sloe Gin Fizz,242,
,Southside,244,
,South Slope,244,
,Swiss Mist,248,
,Talbott Leaf,249,
,Tom Collins,252,
,Vieux Mot,261,
,Ward Eight,263,
,Water Lily,263,
,Whiskey Smash,265,wedges
,White Birch Fizz,265,
,White Lady,267,
,Witch's Kiss,268,
"Juice, Lime",Airmail,48,
,Apple Daiquiri,51,
,Beachbum,57,
,Beer and Smoke,58,
,Blackstar,69,
,Caipirinha,84,
,Coconut Colada,93,
,Coda,94,
,Condiment Cocktail,94,
,Conquistador,96,
,Crimson Tide,100,
,Death Bed,102,
,Daiquiri,103,
,El Burro,115,
,Espresso Bongo,118,
,Fish House Punch,120,
,French Maid,128,
,Fresa Verde,129,
,Girl From Jerez,133,
,Heirloom,140,
,Hemingway Daiquiri,141,
,Hotel Nacional Special,146,
,Judgment Day,152,
,Junior,154,
,Kansai Kick,154,
,La Florida Cocktail,158,
,Last Word,162,
,Lawn Dart,162,
,Luau,168,
,Mai-Tai,168,
,Margarita,171,
,Mezcal Mule,178,
,Mojito,181,
,Moscow Mule,186,
,Navy Grog,187,
,Old Maid,197,
,Paloma,202,
,Pearl Button,204,
,Pearl of Puebla,205,
,Pharoaoh Cooler,206,
,Pisco Sour,209,
,Queens Park Swizzle,214,
,Ramos Gin Fizz,215,
,Red-Headed Saint,219,
,Rhum Club,224,
,Rio Bravo,226,
,Rust Belt,230,
,Royal Bermuda Yachtclub Cocktail,231,
,Shiso Malt Sour,236,
,Siesta,237,
,Singapore Sling,241,
,St. Rita,247,
,Tommy's Margarita,252,
,Vauvert Slim,260,
,Wellington Fizz,264,
,Zombie Punch,271,
"Juice, Orange",Aperol Spritz,51,
,Applejack Rabbit,52,
,Blood and Sand,73,
,Bronx,79,
,Espresso Bongo,118,
,Fog Cutter,123,
,Monkey Gland,182,
,Perfect Pear,205,
,Swollen Gland,249,
,Ward Eight,263,
"Juice, Pineapple",Algonquin,50,
,Beachbum,57,
,Blackbeard,67,
,Coconut Colada,93,
,Death Bed,102,
,East India Company,111,
,El Burro,115,
,Espresso Bongo,118,
,Field Cocktail,119,
,Flying Dutchman,123,
,Golden Star Fizz,134,
,Hotel Nacional Special,146,
,Left Coast,165,
,Mariner,172,
,Mary Pickford,174,
,Silver Root Beer Fizz,239,
,Singapore Sling,241,
"Juice, Watermelon",Melon Stand,176,
,Pharoaoh Cooler,206,
Kahlúa,Cafe Arroz,83,
Kirschwasser,Black Jack,68,Clear Creek
,Cuzco,101,"rinse, Clear Creek"
,Mount Vernon,186,Clear Creek
,New Amsterdam,188,Clear Creek
,Rose,229,Clear Creek
,Triborough,253,Clear Creek
Licor 43,Silver Lining,239,
Lillet Blanc,20th Century,44,
,Albert Mathieu,49,
,Brown Bomber,80,
,Corpse Reviver No.2,97,
,Edgewood,113,
,Harvest Moon,139,
,Nouveau Carré,193,
,Paddington,199,
,Pearl Button,204,
,Prince Edward,211,
,South Slope,244,
,Velvet Club,260,
,Vesper,261,
,Weeski,264,
,White Negroni,267,
Lillet Rouge,Blackthorn Rose,72,
,La Louche,159,
,Wrong Aisle,271,
Luxardo Bitter,Bizet,66,
,Lacrimosa,157,
Luxardo Amaretto,Figetaboutit,120,
,Masataka Swizzle,174,
,Midnight Express,179,
Luxardo Maraschino,Aviation,57,
,Brandy Crusta,74,
,Brooklyn,78,
,Cherry Pop,87,
,Flying Dutchman,123,
,Hemingway Daiquiri,141,
,Improved Whiskey Cocktail,149,
,Last Word,162,
,Left Coast,165,
,Little Bit Country,167,
,Martinez,173,
,Mary Pickford,174,
,Newark,189,
,Tuxedo,257,
Madeira,Kansai Kick,154,Blandy's Sercial
,Prince of Wales,212,Blandy's Sercial
Mezcal,Against All Odds,46,"rinse, Illegal Reposado"
,Beer and Smoke,58,Sombra
,Eclipse Cocktail,113,"rinse, Del Maguey Vida"
,El Molino,116,Sombra
,El Puente,117,"rinse, Del Maguey Vida"
,Mezcal Mule,178,Sombra
,Pearl of Puebla,205,Sombra
,T&T,256,Sombra
"Milk, Whole",Milk Punch,180,
Monteverdi Nocino,Noce Royale,191,
Nonino Amaro,Occidental,195,
,Solstice,243,
Nonino Gioiello,Kina Miele,155,
Orgeat,Beachbum,57,
,Cameron's Kick,85,
,Cavalier,86,
,Fog Cutter,123,
,Japanese Cocktail,151,
,Kansai Kick,154,
,Luau,168,
,Mai-Tai,168,
,Parkside Fizz,202,
,Rio Bravo,226,
,Rust Belt,230,
,Wellington Fizz,264,
Peach Liqueur,Fish House Punch,120,Mathilde Pêche
Pear Liqueur,La Perla,159,Mathilde Pear
,Sage Old Buck,232,Belle de Brillet
,Statesman,247,Rothman & Winter
Pernod,21st Century,44,
,Paul's Club Cocktail,203,
,Pearl of Puebla,205,
,Remember the Maine,218,
Pimms #1,Pimms Cup,207,
Pomogranate Liqueur,Raspberries Reaching,216,
Port,Betsy Ross,64,Dow's Ruby
,Coffee Cocktail,95,Noval Black
,New York Flip,190,Noval Black
,Noval Cup,194,Noval Black
,Professor,213,Dow's Tawny
,Silver Sangaree,240,Dow's Ruby
"Preserves, Raspberry",Rose,229,
"Preserves, Strawberry",Talbott Leaf,249,
Punsch,Gold Coast,133,
Punt e Mes,Edgewood,113,
,Greenpoint,138,
,Resting Point,222,
,Triborough,253,
"Purée, Passion Fruit",Luau,168,
,Mezcal Mule,178,
,Wellington Fizz,264,
"Purée, Rhubarb",Rhubarbarita,224,
"Purée, Tamarind",T&T,256,
Root Beer,Silver Root Beer Fizz,239,
Rhum,Ti-Punch,251,Neisson Rhum Reserve Speciale
,Chien Chaud,89,J.M. Rhum Blanc
,Coda,94,Neisson Rhum Blanc
,Girl From Jerez,133,Rhum Clément  VSOP
,Mai-Tai,168,Rhum Clément  VSOP
,Nth Degree,194,Rhum Clément  VSOP
,Professor,213,Rhum Clément  VSOP
,Queens Park Swizzle,214,Barbancourt 8 yo
,Remember Maine,219,Rhum Clément  VSOP
,Rust Belt,230,Barbancourt 8 yo
Rum,Airmail,48,Banks 5 Island
,Apple Daiquiri,51,Flor de Caña Silver Dry
,Beachbum,57,"Mount Gay Eclipse Amber, Flor de Caña Silver Dry"
,Betula,65,Matusalem Gran Reserva
,Black Flip,67,Cruzan Black Strap
,Cinema Highball,90,"buttered popcorn-infused, Flor de Caña Silver Dry"
,Coconut Colada,93,Flor de Caña Silver Dry
,Coda,94,Pampero Aniversario
,Conquistador,96,Matusalem Gran Reserva
,Crimson Tide,100,Lemon Hart Overproof
,Death Bed,102,Pampero Aniversario
,Daiquiri,103,Banks 5 Island
,East India Company,111,Pampero Aniversario
,Espresso Bongo,118,Appleton Reserve
,Fish House Punch,120,Gosling's Black Seal
,Fog Cutter,123,Bacardi 8
,Foreign Legion,124,Mount Gay XO
,Hemingway Daiquiri,141,Banks 5 Island
,Hotel Nacional Special,146,Bacardi 8
,La Florida Cocktail,158,Banks 5 Island
,Luau,168,"Wray & Nephew Overproof, Appleton Estate V/X, El Dorado 15 yo"
,Mai-Tai,168,Banks 5 Island
,Mary Pickford,174,Banks 5 Island
,Milk Punch,180,Myer's Dark
,Mojito,181,Banks 5 Island
,Mum's Apple Pie,187,Havana Club 7 yo
,Navy Grog,187,"Gosling's Black Seal, Appleton Reserve, El Dorado 15 yo"
,Paddington,199,Banks 5 Island
,Plátanos en Mole Old Fashioned,209,Zacapa 23 Centenario
,Mo,224,Banks 5 Island
,Romeo y Julieta,228,Zacapa 23 Centenario
,Royal Bermuda Yachtclub Cocktail,231,"Mount Gay Eclipse Amber, Flor de Caña Silver Dry"
,Silver Root Beer Fizz,239,"Mount Gay Eclipse White, Smith & Cross Jamaican"
,Zombie Punch,271,"Appleton Estate Reserve, Bacardi 8, Lemon Hart Overproof"
Sake,100 Year Punch,45,"Bek Se Ju ""100-year Wine"""
,Bee's Sip,60,"Masumi ""Okuden"" Junmai"
,Brewer's Breakfast,78,Masumi Arabashiri
,Japanese Courage,150,"Kamoizumi ""Shusen"""
,Koyo,157,"Masumi ""Okuden"" Junmai"
,Mint Apple Crisp,180,Masumi Arabashiri
,Nigori Milk Punch,191,Kamoizumi Nigori
,Spice Market,245,Masumi Arabashiri
Sambuca,Blackstar,69,Borsci
"Schnapps, Apple",Apple Daiquiri,51,Schönauer Apfel
,Johnny Apple Collins,152,Schönauer Apfel
,Norman Inversion,192,Schönauer Apfel
Sherry,#8,42,Lustau Palo Cortado
,Condiment Cocktail,94,Lustau Palo Cortado
,Cranberry Cobbler,98,Lustau East India
,Dewey D.,105,Lustau East India
,Dulce de Leche,110,Toro Albala Pedro Ximenez
,El Molino,116,Lustau Palo Cortado
,Fog Cutter,123,Lustau Cream
,Foreign Legion,124,Lustau Manzanilla
,Girl From Jerez,133,Lustau Pedro Ximenez
,King Bee,155,Lustau Palo Cortado
,La Perla,159,Lustau Manzanilla
,Lion's Tooth,166,Lustau Palo Cortado
,Mount Vernon,186,Lustau Pedro Ximenez
,Rapscallion,215,Lustau Pedro Ximenez
,Rye Witch,232,Lustau Palo Cortado
,Trident,253,Lustau Manzanilla
,Up to Date,258,Lustau Manzanilla
,Woolworth,270,Lustau Manzanilla
"Shrubb, Concord Grape",Paul's Club Cocktail,203,
"Shrubb, Creole",Against All Odds,46,Rhum Clément
,L.E.S. Globetrotter,167,Rhum Clément
,Rhum Club,224,Rhum Clément
"Shrubb, Quince",Wrong Aisle,271,Huilerie Beaujolaise Vinaigre de Coing
"Soda, Club",Americano Highball,49,
,Aperol Spritz,51,
,Crimson Tide,100,
,Gin & Tonic,132,
,Mojito,181,
,Morango Fizz,183,
,Noval Cup,194,
,Parkside Fizz,202,
,Pharoaoh Cooler,206,
,Ramos Gin Fizz,215,
,Silver Lining,239,
,Sloe Gin Fizz,242,
,Tom Collins,252,
,Wellington Fizz,264,
,White Birch Fizz,265,
"Soda, Coca-Cola",Cinema Highball,90,
"Soda, Grapefruit",Paloma,202,
"Soda, Lemon",Johnny Apple Collins,152,
,Pearl Button,204,Limonata
Sorbet,Coconut Colada,93,
"Sorrel, Spiced",Crimson Tide,100,
Strega,Heirloom,140,
,Rye Witch,232,
,White Birch Fizz,265,
,Witch's Kiss,268,
Suze,Brown Bomber,80,
,White Birch Fizz,265,spritz
,White Negroni,267,
"Syrup, Agave",Blackbeard,67,
,Lawn Dart,162,
,Margarita,171,
,Mezcal Mule,178,
,Pearl of Puebla,205,
,Red-Headed Saint,219,
,Resting Point,222,
,Tommy's Margarita,252,
"Syrup, Black Cardamon",Mariner,172,
"Syrup, Cane Sugar",Rhum Club,224,
,Shiso Delicious,235,
,Ti-Punch,251,
"Syrup, Caramelized Simple",Silk Road,238,
"Syrup, Clove",Silver Sangaree,240,
"Syrup, Cranberry",Cranberry Cobbler,98,
"Syrup, Demerara",Masataka Swizzle,174,
,Mum's Apple Pie,187,
,New Amsterdam,188,
,Nth Degree,194,
,Old-Fashioned Whiskey Cocktail,195,
,Queens Park Swizzle,214,
,Rack & Rye,214,
,Single Malt Sangaree,241,
"Syrup, Grapefruit",Swiss Mist,248,
"Syrup, Honey",Airmail,48,
,Bee's Knees,59,
,Brown Derby,81,
,Falling Leaves,119,
,Gold Rush,134,
,Imperial Silver Corn Fizz,148,
,Japanese Courage,150,
,Le Père Bis,165,
,Navy Grog,187,
,St. Rita,247,
"Syrup, Kumquat",Kin Kan,156,
"Syrup, Lemon",Reverend Palmer,223,
"Syrup, Lemongrass",Brazilian Tea Punch,76,
"Syrup, Maple",Applejack Rabbit,52,
,Benton's Old-Fashioned,60,
,Betula,65,
,Great Pumpkin,136,
,Little Bit Country,167,
,Master Cleanse,175,
,Nouveau Sangaree,193,
,Pumpkin Toddy,212,
"Syrup, Rice",100 Year Punch,45,Ssal-Yut
"Syrup, Rose",Blackthorn Rose,72,
"Syrup, Tonic",Gin & Tonic,132,
"Syrup, Vanilla",Sage Old Buck,232,
"Tea, Chamomile",Le Père Bis,165,
"Tea, Jasmine",Golden Star Fizz,134,
"Tea, Hibiscus",Green Harvest,137,
"Tequila, Añejo",Dulce de Leche,110,Don Julio
,Eclipse Cocktail,113,El Tesoro
,Nouveau Carré,193,Ocho
"Tequila, Blanco",Conquistador,96,Siembra Azul
,East Village Athletic Club Cocktail,112,Siembra Azul
,El Diablo,115,Siembra Azul
,El Puente,117,José Cuervo Platino
,Fresa Verde,129,Gran Centenario
,Green Harvest,137,José Cuervo Platino
,Lawn Dart,162,Partida
,Margarita,171,El Tesoro
,Pharoaoh Cooler,206,Partida
,Rhubarbarita,224,Partida
,Siesta,237,El Tesoro Platinum
,Tommy's Margarita,252,L&J
,T&T,256,Siembra Azul
,Witch's Kiss,268,José Cuervo Platino
"Tequila, Reposado",#8,42,Don Julio
,212,43,Partida
,Águila Azteca,48,José Cuervo Tradicional
,Cafe Arroz,83,Gran Centenario
,Condiment Cocktail,94,Partida
,El Burro,115,Siembra Azul
,Frambroise Fizz,124,Siete Leguas
,La Perla,159,Partida
,Mexicano,178,Partida
,Paloma,202,Siete Leguas
,Resting Point,222,Siete Leguas
,Rosita,229,Partida
,Shaddock Rose,235,El Tesoro
"Tincture, Goldenseal",Master Cleanse,175,
"Tincture, Lavender",Flora Astoria,121,
Trader Tiki's Don's Mix,Zombie Punch,271,
"Vermouth, Bianco/Blanc",Astoria Bianco,56,Martini
,El Puente,117,Martini
,Ephemeral,117,Dolin
,Flora Astoria,121,Dolin
"Vermouth, Dry",Algonquin,50,Dolin
,Berlioni,63,Noilly Prat
,Black Thorn (Irish),70,Dolin
,Brooklyn,78,Dolin
,Bronx,79,Dolin
,Caprice,84,Dolin
,Chrysanthemum,89,Dolin
,Dry County Cocktail,107,Dolin
,Field Cocktail,119,Noilly Prat
,Flora Astoria,121,Dolin
,Kina Miele,155,Dolin
,Old Pal,198,Dolin
,Paddy Wallbanger,199,Dolin
,Rite of Spring,227,Vya
,Rose,229,Noilly Prat
,Rosita,229,Dolin
,Smoky Grove,243,Dolin
,Tuxedo,257,Dolin
,Vaccari,259,Dolin
"Vermouth, Sweet",#3 Cup,42,Martini
,Americano Highball,49,Carpano Antica
,Bijou,66,Dolin
,Blackthorn (English),70,Carpano Antica
,Blood and Sand,73,Carpano Antica
,Bobby Burns,74,Martini
,Bronx,79,Carpano Antica
,Bubbaloo,81,Carpano Antica
,De la Louisiane,103,Dolin
,Hanky Panky,138,Carpano Antica
,Harvest Sling,140,Martini
,La Florida Cocktail,158,Martini
,Left Hand Cocktail,164,Carpano Antica
,Manhattan,171,Martini
,Martinez,173,Dolin
,Negroni,188,Martini
,Newark,189,Vya
,Persephone,207,Dolin
,Professor,213,Carpano Antica
,Red Devil,217,"jujube tea-infused, Vya"
,Remember the Maine,218,Carpano Antica
,Rob Roy,228,Dolin
,Romeo y Julieta,228,Carpano Antica
,Rosita,229,Martini
,Smoky Grove,243,Carpano Antica
,Tipperary Cocktail,251,Carpano Antica
,Vieux Carré,262,Carpano Antica
Vodka,Blackstar,69,Smirnoff Black
,Gold Coast,133,Karlsson's Gold
,Mint Apple Crisp,180,Heart of the Hudson Apple 
,Moscow Mule,186,Smirnoff Black
,Parkside Fizz,202,Hangar One Buddha's Hand
,Tao of Pooh,250,42 Below Manuka Honey
,Vesper,261,Belvedere
,Wellington Fizz,264,42 Below Kiwi
"Water, Coconut",Chien Chaud,89,
,Tao of Pooh,250,
"Water, Corn",Imperial Silver Corn Fizz,148,
"Water, Orange Flower",Ramos Gin Fizz,215,
"Water, Rose Flower",Pharoaoh Cooler,206,
,Raspberries Reaching,216,
"Water, Tonic",100 Year Punch,45,
"Whiskey, Bourbon",100 Year Punch,45,Elijah Craig 12 yo
,Benton's Old-Fashioned,62,"bacon-infused, Four Roses"
,Brown Derby,81,Maker's Mark
,Figetaboutit,120,Bulleit
,Gold Rush,134,Elijah Craig 12 yo
,Johnny Apple Collins,152,Maker's Mark
,Left Hand Cocktail,164,Elijah Craig 12 yo
,Little Bit Country,167,Bulleit
,Mae West Royal Diamond Fizz,169,"goji berry-infused, Four Roses Single Barrel"
,Mint Julep,181,Booker's
,Newfangled,190,Old Grand-Dad Bonded
,New York Flip,190,Elijah Craig 12 yo
,Reverend Palmer,223,"black tea-infused, Elijah Craig 12 yo"
,Seelbach Cocktail,234,Bulleit
,Staggerac,245,George T. Stagg or other high proof
,Talbott Leaf,249,Old Grand-Dad Bonded
,There Will Be Blood,250,Old Grand-Dad Bonded
"Whiskey, Corn",Brewer's Breakfast,78,Glen Thunder
"Whiskey, Irish",Against All Odds,46,Bushmills
,Black Thorn (Irish),70,Black Bush
,Cameron's Kick,85,Jameson
,Hotel d'Alsace,146,Bushmills
,Lake George,158,Jameson
,Paddy Wallbanger,199,Black Bush
,Tipperary Cocktail,251,Black Bush
,Weeski,264,Jameson
"Whiskey, Rye",Algonquin,50,Rittenhouse
,Betula,65,"birch-infused, Rittenhouse"
,Blinker,72,Wild Turkey
,Brooklyn,78,Rittenhouse
,De la Louisiane,103,Wild Turkey
,Deshler,105,Rittenhouse
,Dewey D.,105,Old Overholt
,Diamondback,106,Rittenhouse
,Duboudreau Cocktail,110,Rittenhouse
,Frisco,129,Old Potrero Hotaling's
,Great Pumpkin,136,Rittenhouse
,Greenpoint,138,Rittenhouse
,Harvest Moon,139,Wild Turkey
,Improved Whiskey Cocktail,149,Rittenhouse
,Junior,154,Rittenhouse
,Lacrimosa,157,Rittenhouse
,Lion's Tooth,166,"dandelion root-infused, Rittenhouse"
,L.E.S. Globetrotter,167,Wild Turkey
,Manhattan,171,Wild Turkey
,Old-Fashioned Whiskey Cocktail,195,Wild Turkey
,Old Pal,198,Old Overholt
,Pumpkin Toddy,212,Rittenhouse
,Rack & Rye,214,Wild Turkey Russel's Reserve 6 yo
,Rattlesnake,216,Rittenhouse
,Remember the Maine,218,Wild Turkey Russel's Reserve 6 yo
,Rye Witch,232,Rittenhouse
,Sazerac,234,Rittenhouse
,Silver Lining,239,Old Overholt
,Solstice,243,Rittenhouse
,Triborough,253,Wild Turkey
,Up to Date,258,Wild Turkey
,Vieux Carré,262,Sazerac 6 yo
,Ward Eight,263,Rittenhouse
,Whiskey Smash,265,Rittenhouse
"Whisky, Blended Scotch",Apple Malt Toddy,53,Chivas Regal 12 yo
,Blood and Sand,73,Famous Grouse
,Cameron's Kick,85,Famous Grouse
,Gilchrist,130,Compass Box Asyla
,Mariner,172,Compass Box Oak Cross
,Prince Edward,211,Compass Box Oak Cross
,Rob Roy,228,Famous Grouse
,Rusty Nail,231,Famous Grouse
,Silver Sangaree,240,Famous Grouse
,Smoky Grove,243,Compass Box Peat Monster
,Vaccari,259,"chamomile-infused, Compass Box Asyla"
,Woolworth,270,Compass Box Asyla
"Whisky, Japanese Malt",Kansai Kick,154,Yamazaki 12 yo
,Masataka Swizzle,174,Nikka Taketsuru 12 yo
,Shiso Malt Sour,236,Yamazaki 12 yo
"Whisky, Single Malt Scotch",Bobby Burns,74,Benromach 12 yo
,Lake George,158,Glenlivet 12 yo
,Le Père Bis,165,Ardbeg 10 yo
,Rapscallion,215,Talisker 10 yo
,Sage Old Buck,232,Benromach 12 yo
,Single Malt Sangaree,241,Oban 14 yo
,Vauvert Slim,260,Laphroaig 10 yo
"Whisky, Tennessee",Brown Bomber,80,George Dickel No. 12
,Dry County Cocktail,107,George Dickel No. 12
,Imperial Silver Corn Fizz,148,George Dickel No. 12
"Whiskey, Wheat",Frankfort Rose,126,"hibiscus-infused, Bernheim"
"Wine, Beaujolais Nouveau",Nouveau Sangaree,193,
"Wine, Cabernet Franc",Silver Sangaree,240,Paumanok
,Single Malt Sangaree,241,Paumanok
"Wine, Champagne",Airmail,48,Moët Imperial
,Bizet,66,Moët Imperial
,Champagne Cocktail,86,Moët Imperial
,Donizetti,107,Moët Imperial
,French 75,127,Moët Imperial
,Imperial Blueberry Fizz,147,Moët Imperial
,Imperial Silver Corn Fizz,148,Moët Imperial
,Jimmie Roosevelt,151,Moët Imperial
,May Day,176,Moët Imperial
,Mexicano,178,Moët Imperial
,Noce Royale,191,Moët Imperial
,Prince of Wales,212,Moët Imperial
,Seelbach Cocktail,234,Moët Imperial
,Velvet Club,260,Moët Imperial
"Wine, Chardonnay",Against All Odds,46,Channing Daughters Scuttlehole
,Henry Hudson,143,Channing Daughters Scuttlehole
"Wine, Prosecco",Aperol Spritz,51,Carpenè Malvolti
"Wine, Reisling",Falling Leaves,119,Dr. Konstantin Frank
"Wine, Rosé",Bizet,66,Shinn Estate
"Wine, Tokaji",Raspberries Reaching,216,"Tokaji Aszú 5 Puttonyos ""Red Label"""
Zwack,St. Rita,247,
